c_name,p_price,image,url,p_name
행복렌탈하우스,"299,000",http://i.011st.com/ex_t/R/400x400/1/85/0/src/pd/19/9/7/9/4/0/2/sDpbU/2339979402_B.jpg,http://www.11st.co.kr/product/SellerProductDetail.tmall?method=getSellerProductDetail&prdNo=2339979402&trTypeCd=21&trCtgrNo=585021&lCtgrNo=1001423&mCtgrNo=1058956,LG전자 300w 단결정 태양광패널 태양전지 집열판 [300w/360w/400w]
태승,"25,000",http://i.011st.com/ex_t/R/400x400/1/85/0/src/pd/17/6/5/0/1/4/9/1170650149_B.jpg,http://www.11st.co.kr/product/SellerProductDetail.tmall?method=getSellerProductDetail&prdNo=1170650149&trTypeCd=21&trCtgrNo=585021&lCtgrNo=1001423&mCtgrNo=1058956,태양전지판 6V 5W/태양전지 태양광 모듈 충전기 태양열 집열판 발전기 솔라 패널 발전 전지판 판넬 정원등
(주)에코그린텍,"140,000",http://i.011st.com/ex_t/R/400x400/1/85/0/src/al/2/2/2/5/1/8/1356222518_B.jpg,http://www.11st.co.kr/product/SellerProductDetail.tmall?method=getSellerProductDetail&prdNo=1356222518&trTypeCd=21&trCtgrNo=585021&lCtgrNo=1001423&mCtgrNo=1058956,[SWM-90]12V 90W 단결정/태양광모듈/전지/판넬/지지대
(주)인터아이넷,"78,900",http://i.011st.com/ex_t/R/400x400/1/85/0/src/pd/19/4/8/6/8/3/2/msRUn/2406486832_B.jpg,http://www.11st.co.kr/product/SellerProductDetail.tmall?method=getSellerProductDetail&prdNo=2406486832&trTypeCd=21&trCtgrNo=585021&lCtgrNo=1001423&mCtgrNo=1058956,[올파워]AP21W 태양광 충전기 -미국 썬파워 패널/여행/캠핑/트래킹/등산/비상시 긴급충전
에스토탈가전,"650,000",http://i.011st.com/ex_t/R/400x400/1/85/0/src/pd/19/9/0/3/4/1/1/IQtrn/2325903411_B.jpg,http://www.11st.co.kr/product/SellerProductDetail.tmall?method=getSellerProductDetail&prdNo=2325903411&trTypeCd=21&trCtgrNo=585021&lCtgrNo=1001423&mCtgrNo=1058956,한화큐셀 아파트태양광발전 미니태양광 태양광패널
에스토탈가전,"280,000",http://i.011st.com/ex_t/R/400x400/1/85/0/src/pd/19/4/7/6/3/9/2/YgBen/2323476392_B.jpg,http://www.11st.co.kr/product/SellerProductDetail.tmall?method=getSellerProductDetail&prdNo=2323476392&trTypeCd=21&trCtgrNo=585021&lCtgrNo=1001423&mCtgrNo=1058956,태양전지 태양광발전 태양광패널 단결정 현대전자300W
에스토탈가전,"280,000",http://i.011st.com/ex_t/R/400x400/1/85/0/src/pd/19/4/7/3/0/6/5/CfbAh/2323473065_B.jpg,http://www.11st.co.kr/product/SellerProductDetail.tmall?method=getSellerProductDetail&prdNo=2323473065&trTypeCd=21&trCtgrNo=585021&lCtgrNo=1001423&mCtgrNo=1058956,현대 태양광모듈 단결정 태양광패널 태양광발전 300W
행복렌탈하우스,"231,000",http://i.011st.com/ex_t/R/400x400/1/85/0/src/pd/19/9/7/9/5/0/2/irbiP/2339979502_B.jpg,http://www.11st.co.kr/product/SellerProductDetail.tmall?method=getSellerProductDetail&prdNo=2339979502&trTypeCd=21&trCtgrNo=585021&lCtgrNo=1001423&mCtgrNo=1058956,한화큐셀 300W 태양광모듈(패널)단결정 집열판 대량납품 전문업체
행복렌탈하우스,"249,000",http://i.011st.com/ex_t/R/400x400/1/85/0/src/pd/19/9/7/9/1/7/5/KiSYx/2339979175_B.jpg,http://www.11st.co.kr/product/SellerProductDetail.tmall?method=getSellerProductDetail&prdNo=2339979175&trTypeCd=21&trCtgrNo=585021&lCtgrNo=1001423&mCtgrNo=1058956,현대 태양광 모듈(패널) 300w HiS-S300RG 캠핑카 차량용
썬더,"189,000",http://i.011st.com/ex_t/R/400x400/1/85/0/src/pd/19/9/0/3/4/8/7/yFMfT/1803903487_B.jpg,http://www.11st.co.kr/product/SellerProductDetail.tmall?method=getSellerProductDetail&prdNo=1803903487&trTypeCd=21&trCtgrNo=585021&lCtgrNo=1001423&mCtgrNo=1058956,플렉시블 ETFE/태양전지 100W/모듈/태양광/패널
에스토탈가전,"650,000",http://i.011st.com/ex_t/R/400x400/1/85/0/src/pd/19/9/2/8/8/7/3/WjccH/2325928873_B.jpg,http://www.11st.co.kr/product/SellerProductDetail.tmall?method=getSellerProductDetail&prdNo=2325928873&trTypeCd=21&trCtgrNo=585021&lCtgrNo=1001423&mCtgrNo=1058956,현대 아파트태양광세트 미니태양광 태양광 발전 패널
에스토탈가전,"187,000",http://i.011st.com/ex_t/R/400x400/1/85/0/src/pd/19/8/5/2/0/2/2/yFOBz/2324852022_B.jpg,http://www.11st.co.kr/product/SellerProductDetail.tmall?method=getSellerProductDetail&prdNo=2324852022&trTypeCd=21&trCtgrNo=585021&lCtgrNo=1001423&mCtgrNo=1058956,DOKIO 태양광모듈 단결정 태양광패널 태양광발전 100W
태승,"40,000",http://i.011st.com/ex_t/R/400x400/1/85/0/src/pd/17/9/7/7/3/0/2/1170977302_B.jpg,http://www.11st.co.kr/product/SellerProductDetail.tmall?method=getSellerProductDetail&prdNo=1170977302&trTypeCd=21&trCtgrNo=585021&lCtgrNo=1001423&mCtgrNo=1058956,태양전지판 8W18V/12V 축전지 충전 차량용 보조전원 캠핑카 태양열 집열판 태양광 모듈 가정용 충전기 패널
(주)인터아이넷,"215,000",http://i.011st.com/ex_t/R/400x400/1/85/0/src/pd/19/5/0/8/0/1/1/nbgsE/2406508011_B.jpg,http://www.11st.co.kr/product/SellerProductDetail.tmall?method=getSellerProductDetail&prdNo=2406508011&trTypeCd=21&trCtgrNo=585021&lCtgrNo=1001423&mCtgrNo=1058956,[올파워]AP60W 태양광 충전기 -미국 썬파워 패널/오지여행/캠핑/트래킹/등산/배터리방전/비상시 긴급충전
파워센터주식회사,"78,700",http://i.011st.com/ex_t/R/400x400/1/85/0/src/pd/17/5/9/7/6/8/8/928597688_B_V1.jpg,http://www.11st.co.kr/product/SellerProductDetail.tmall?method=getSellerProductDetail&prdNo=928597688&trTypeCd=21&trCtgrNo=585021&lCtgrNo=1001423&mCtgrNo=1058956,50W와트 태양전지모듈 태양전지판/태양광/솔라/솔라셀/솔라판넬/솔라전지/쏠라모듈/태양광배터리충전
굿,"16,410",http://i.011st.com/ex_t/R/400x400/1/85/0/src/pd/19/8/8/6/5/5/7/nRnsq/2391886557_B.jpg,http://www.11st.co.kr/product/SellerProductDetail.tmall?method=getSellerProductDetail&prdNo=2391886557&trTypeCd=21&trCtgrNo=585021&lCtgrNo=1001422&mCtgrNo=1002635,5종 쏠라 태양광 충전기 3.5W 태양광패널 태양전지판
hesco,"38,000",http://i.011st.com/ex_t/R/400x400/1/85/0/src/pd/17/8/7/6/9/6/6/yWUvD/1742876966_B.jpg,http://www.11st.co.kr/product/SellerProductDetail.tmall?method=getSellerProductDetail&prdNo=1742876966&trTypeCd=21&trCtgrNo=585021&lCtgrNo=1001423&mCtgrNo=1058956,(해외) 태양광충전기 5V 5W/1Ah 태양광패널 태양전지
행복렌탈하우스,"3,600,000",http://i.011st.com/ex_t/R/400x400/1/85/0/src/pd/19/9/7/9/3/1/5/KaGpR/2339979315_B.jpg,http://www.11st.co.kr/product/SellerProductDetail.tmall?method=getSellerProductDetail&prdNo=2339979315&trTypeCd=21&trCtgrNo=585021&lCtgrNo=1001423&mCtgrNo=1058956,한화 3kw 개인주택 가정용태양광발전 패널 설치 지붕 [울산시 울주군]
행복렌탈하우스,"339,000",http://i.011st.com/ex_t/R/400x400/1/85/0/src/pd/19/9/7/9/5/1/6/Vlfmy/2339979516_B.jpg,http://www.11st.co.kr/product/SellerProductDetail.tmall?method=getSellerProductDetail&prdNo=2339979516&trTypeCd=21&trCtgrNo=585021&lCtgrNo=1001423&mCtgrNo=1058956,한화큐셀 390W 태양광모듈(패널)단결정 집열판 대량납품 전문업체
에스토탈가전,"650,000",http://i.011st.com/ex_t/R/400x400/1/85/0/src/pd/19/9/2/9/4/9/1/hTUkG/2325929491_B.jpg,http://www.11st.co.kr/product/SellerProductDetail.tmall?method=getSellerProductDetail&prdNo=2325929491&trTypeCd=21&trCtgrNo=585021&lCtgrNo=1001423&mCtgrNo=1058956,현대아파트태양광설치 미니태양광 태양광 솔라 패널
엑스포넷(주),"246,200",http://i.011st.com/ex_t/R/400x400/1/85/0/src/pd/19/0/9/5/0/8/6/QQtYg/2367095086_B.jpg,http://www.11st.co.kr/product/SellerProductDetail.tmall?method=getSellerProductDetail&prdNo=2367095086&trTypeCd=21&trCtgrNo=585021&lCtgrNo=1001422&mCtgrNo=1002635,태양 태양에너지 태양광 솔라 태양광전지 플렉시블 솔라 패널 50W 태양전지 자연에너지 태양광
행복렌탈하우스,"198,000",http://i.011st.com/ex_t/R/400x400/1/85/0/src/pd/19/9/7/9/5/4/4/OKNag/2339979544_B.jpg,http://www.11st.co.kr/product/SellerProductDetail.tmall?method=getSellerProductDetail&prdNo=2339979544&trTypeCd=21&trCtgrNo=585021&lCtgrNo=1001423&mCtgrNo=1058956,플렉서블 태양광 패널 100W150W260W300W360W390W400W 태양전지 판넬 태양열 모듈
에스온,"21,710",http://i.011st.com/ex_t/R/400x400/1/85/0/src/pd/19/1/4/0/5/6/0/tsqVR/2396140560_B.jpg,http://www.11st.co.kr/product/SellerProductDetail.tmall?method=getSellerProductDetail&prdNo=2396140560&trTypeCd=21&trCtgrNo=585021&lCtgrNo=1001422&mCtgrNo=1002635,5종 쏠라 태양광 충전기 3.5W 태양광패널 태양전지판
행복렌탈하우스,"190,000",http://i.011st.com/ex_t/R/400x400/1/85/0/src/pd/19/9/7/9/4/1/6/fsrNE/2339979416_B.jpg,http://www.11st.co.kr/product/SellerProductDetail.tmall?method=getSellerProductDetail&prdNo=2339979416&trTypeCd=21&trCtgrNo=585021&lCtgrNo=1001423&mCtgrNo=1058956,한화큐셀 260W 태양광모듈(패널)다결정 집열판 대량납품 전문업체
행복렌탈하우스,"6,700,000",http://i.011st.com/ex_t/R/400x400/1/85/0/src/pd/19/9/7/9/3/3/1/eGPcA/2339979331_B.jpg,http://www.11st.co.kr/product/SellerProductDetail.tmall?method=getSellerProductDetail&prdNo=2339979331&trTypeCd=21&trCtgrNo=585021&lCtgrNo=1001423&mCtgrNo=1058956,한화 5kw 전원주택 가정용태양광발전 패널 설치 주차형 [화성시 서신면]
행복렌탈하우스,"231,000",http://i.011st.com/ex_t/R/400x400/1/85/0/src/pd/19/9/7/9/4/2/7/aXvIh/2339979427_B.jpg,http://www.11st.co.kr/product/SellerProductDetail.tmall?method=getSellerProductDetail&prdNo=2339979427&trTypeCd=21&trCtgrNo=585021&lCtgrNo=1001423&mCtgrNo=1058956,한화큐셀 300W 태양광모듈(패널)단결정 집열판 대량납품 전문업체
행복렌탈하우스,"339,000",http://i.011st.com/ex_t/R/400x400/1/85/0/src/pd/19/9/7/9/4/3/8/BLyVf/2339979438_B.jpg,http://www.11st.co.kr/product/SellerProductDetail.tmall?method=getSellerProductDetail&prdNo=2339979438&trTypeCd=21&trCtgrNo=585021&lCtgrNo=1001423&mCtgrNo=1058956,한화큐셀 390W 태양광모듈(패널)단결정 집열판 대량납품 전문업체
엑스포넷(주),"149,030",http://i.011st.com/ex_t/R/400x400/1/85/0/src/pd/19/9/6/2/4/1/1/zqXuX/2334962411_B.jpg,http://www.11st.co.kr/product/SellerProductDetail.tmall?method=getSellerProductDetail&prdNo=2334962411&trTypeCd=21&trCtgrNo=585021&lCtgrNo=1001422&mCtgrNo=1002635,플렉시블 솔라 패널 30W 태양전지 자연에너지 태양광 쏠라셀 자연에너지 태양광전지 솔라셀 태양에너지
주식회사,"246,210",http://i.011st.com/ex_t/R/400x400/1/85/0/src/pd/19/5/4/5/2/9/9/kmPMw/2402545299_B.jpg,http://www.11st.co.kr/product/SellerProductDetail.tmall?method=getSellerProductDetail&prdNo=2402545299&trTypeCd=21&trCtgrNo=585021&lCtgrNo=1001422&mCtgrNo=1002635,플렉시블 솔라 패널 50W 태양전지 자연에너지 태양광 쏠라셀 자연에너지 쏠라 쏠라패널 태양에너지
바바나무,"252,210",http://i.011st.com/ex_t/R/400x400/1/85/0/src/pd/19/1/7/9/0/9/7/TqKzk/2324179097_B.jpg,http://www.11st.co.kr/product/SellerProductDetail.tmall?method=getSellerProductDetail&prdNo=2324179097&trTypeCd=21&trCtgrNo=585021&lCtgrNo=1001422&mCtgrNo=1002635,플렉시블 솔라 패널 60W 태양전지 자연에너지 태양광 태양 태양에너지 솔라패널 태양광전지 솔라
이음,"18,860",http://i.011st.com/ex_t/R/400x400/1/85/0/src/pd/19/1/0/1/0/2/1/FaSCf/2407101021_B.jpg,http://www.11st.co.kr/product/SellerProductDetail.tmall?method=getSellerProductDetail&prdNo=2407101021&trTypeCd=21&trCtgrNo=585021&lCtgrNo=1001422&mCtgrNo=1002635,5종 쏠라 태양광 충전기 3.5W 태양광패널 태양전지판
글로비스(GLOBIS),"143,730",http://i.011st.com/ex_t/R/400x400/1/85/0/src/pd/19/4/7/5/0/7/6/YzgKZ/2407475076_B.jpg,http://www.11st.co.kr/product/SellerProductDetail.tmall?method=getSellerProductDetail&prdNo=2407475076&trTypeCd=21&trCtgrNo=585021&lCtgrNo=1001422&mCtgrNo=1002635,플렉시블 솔라 패널 30W 태양전지 자연에너지 태양광
행복렌탈하우스,"198,000",http://i.011st.com/ex_t/R/400x400/1/85/0/src/pd/19/9/7/9/4/9/2/WyMlA/2339979492_B.jpg,http://www.11st.co.kr/product/SellerProductDetail.tmall?method=getSellerProductDetail&prdNo=2339979492&trTypeCd=21&trCtgrNo=585021&lCtgrNo=1001423&mCtgrNo=1058956,한화큐셀 260W 태양광모듈(패널)다결정 집열판 대량납품 전문업체
행복렌탈하우스,"3,600,000",http://i.011st.com/ex_t/R/400x400/1/85/0/src/pd/19/9/7/9/7/2/2/fgadV/2339979722_B.jpg,http://www.11st.co.kr/product/SellerProductDetail.tmall?method=getSellerProductDetail&prdNo=2339979722&trTypeCd=21&trCtgrNo=585021&lCtgrNo=1001423&mCtgrNo=1058956,한화 3kw 가정용 태양광 발전기 공장/전기보일러/전기판넬
인정상사,"660,000",http://i.011st.com/ex_t/R/400x400/1/85/0/src/pd/17/1/2/0/0/9/7/itkfP/1922120097_B.jpg,http://www.11st.co.kr/product/SellerProductDetail.tmall?method=getSellerProductDetail&prdNo=1922120097&trTypeCd=21&trCtgrNo=585021&lCtgrNo=1001423&mCtgrNo=1058956,태양광패널 태양광에너지 260W 아파트 베란다 세트
주식회사,"28,500",http://i.011st.com/ex_t/R/400x400/1/85/0/src/pd/17/1/5/0/3/9/7/bqzRD/1372150397_B.jpg,http://www.11st.co.kr/product/SellerProductDetail.tmall?method=getSellerProductDetail&prdNo=1372150397&trTypeCd=21&trCtgrNo=585021&lCtgrNo=1001423&mCtgrNo=1058956,태양열 집열판 18V10W 전지판 솔라패널 판넬 태양광
blade,"493,000",http://i.011st.com/ex_t/R/400x400/1/85/0/src/pd/19/4/5/3/6/4/4/PiCfv/2300453644_B.jpg,http://www.11st.co.kr/product/SellerProductDetail.tmall?method=getSellerProductDetail&prdNo=2300453644&trTypeCd=21&trCtgrNo=585021&lCtgrNo=1001423&mCtgrNo=1058956,골제로 노마드 28 플러스 솔라패널 태양광 충전기
케이에스홀릭,"100,000",http://i.011st.com/ex_t/R/400x400/1/85/0/src/pd/17/9/4/3/7/6/5/RRpYw/1724943765_B.jpg,http://www.11st.co.kr/product/SellerProductDetail.tmall?method=getSellerProductDetail&prdNo=1724943765&trTypeCd=21&trCtgrNo=585021&lCtgrNo=1001423&mCtgrNo=1058956,휴대용 태양광/태양광패널/태양광 충전기/태양광발전기
두바이물산,"147,610",http://i.011st.com/ex_t/R/400x400/1/85/0/src/pd/19/5/6/0/7/7/0/nmwss/2349560770_B.jpg,http://www.11st.co.kr/product/SellerProductDetail.tmall?method=getSellerProductDetail&prdNo=2349560770&trTypeCd=21&trCtgrNo=585021&lCtgrNo=1001422&mCtgrNo=1002635,플렉시블 솔라 패널 30W 태양전지 자연에너지 태양광 태양광전지 쏠라 선파워셀 솔라 솔라패널
행복렌탈하우스,"198,000",http://i.011st.com/ex_t/R/400x400/1/85/0/src/pd/19/9/7/9/5/2/5/cpHXL/2339979525_B.jpg,http://www.11st.co.kr/product/SellerProductDetail.tmall?method=getSellerProductDetail&prdNo=2339979525&trTypeCd=21&trCtgrNo=585021&lCtgrNo=1001423&mCtgrNo=1058956,플렉서블 태양광 패널 100W 태양전지 판넬 태양열 모듈
승리샵,"206,600",http://i.011st.com/ex_t/R/400x400/1/85/0/src/pd/19/6/5/5/6/3/1/xCoEi/2398655631_B.jpg,http://www.11st.co.kr/product/SellerProductDetail.tmall?method=getSellerProductDetail&prdNo=2398655631&trTypeCd=21&trCtgrNo=585021&lCtgrNo=1001422&mCtgrNo=1002635,무료배송 플렉시블 솔라 패널 50W 태양전지 자연에너지 태양광 쏠라 솔라 솔라패널 태양 솔라셀
행복렌탈하우스,"3,600,000",http://i.011st.com/ex_t/R/400x400/1/85/0/src/pd/19/9/7/9/2/5/6/KPKFp/2339979256_B.jpg,http://www.11st.co.kr/product/SellerProductDetail.tmall?method=getSellerProductDetail&prdNo=2339979256&trTypeCd=21&trCtgrNo=585021&lCtgrNo=1001423&mCtgrNo=1058956,한화 3kw 개인주택 태양광발전 패널 설치 지붕 영동군 영동황간로
행복렌탈하우스,"3,600,000",http://i.011st.com/ex_t/R/400x400/1/85/0/src/pd/19/9/7/9/2/6/7/Yqqkh/2339979267_B.jpg,http://www.11st.co.kr/product/SellerProductDetail.tmall?method=getSellerProductDetail&prdNo=2339979267&trTypeCd=21&trCtgrNo=585021&lCtgrNo=1001423&mCtgrNo=1058956,한화 3kw 단독주택 가정용태양광발전 패널 설치 지붕 [부여군 부여읍]
행복렌탈하우스,"198,000",http://i.011st.com/ex_t/R/400x400/1/85/0/src/pd/19/9/7/9/4/6/0/PzCzr/2339979460_B.jpg,http://www.11st.co.kr/product/SellerProductDetail.tmall?method=getSellerProductDetail&prdNo=2339979460&trTypeCd=21&trCtgrNo=585021&lCtgrNo=1001423&mCtgrNo=1058956,플렉서블 태양광 패널 150W 태양전지 판넬 태양열 모듈
행복렌탈하우스,"299,000",http://i.011st.com/ex_t/R/400x400/1/85/0/src/pd/19/9/7/9/4/0/2/sDpbU/2339979402_B.jpg,http://www.11st.co.kr/product/SellerProductDetail.tmall?method=getSellerProductDetail&prdNo=2339979402&trTypeCd=21&trCtgrNo=585021&lCtgrNo=1001423&mCtgrNo=1058956,LG전자 300w 단결정 태양광패널 태양전지 집열판 [300w/360w/400w]
(주)에코그린텍,"140,000",http://i.011st.com/ex_t/R/400x400/1/85/0/src/al/2/2/2/5/1/8/1356222518_B.jpg,http://www.11st.co.kr/product/SellerProductDetail.tmall?method=getSellerProductDetail&prdNo=1356222518&trTypeCd=21&trCtgrNo=585021&lCtgrNo=1001423&mCtgrNo=1058956,[SWM-90]12V 90W 단결정/태양광모듈/전지/판넬/지지대
(주)인터아이넷,"78,900",http://i.011st.com/ex_t/R/400x400/1/85/0/src/pd/19/4/8/6/8/3/2/msRUn/2406486832_B.jpg,http://www.11st.co.kr/product/SellerProductDetail.tmall?method=getSellerProductDetail&prdNo=2406486832&trTypeCd=21&trCtgrNo=585021&lCtgrNo=1001423&mCtgrNo=1058956,[올파워]AP21W 태양광 충전기 -미국 썬파워 패널/여행/캠핑/트래킹/등산/비상시 긴급충전
에스토탈가전,"650,000",http://i.011st.com/ex_t/R/400x400/1/85/0/src/pd/19/9/0/3/4/1/1/IQtrn/2325903411_B.jpg,http://www.11st.co.kr/product/SellerProductDetail.tmall?method=getSellerProductDetail&prdNo=2325903411&trTypeCd=21&trCtgrNo=585021&lCtgrNo=1001423&mCtgrNo=1058956,한화큐셀 아파트태양광발전 미니태양광 태양광패널
에스토탈가전,"280,000",http://i.011st.com/ex_t/R/400x400/1/85/0/src/pd/19/4/7/6/3/9/2/YgBen/2323476392_B.jpg,http://www.11st.co.kr/product/SellerProductDetail.tmall?method=getSellerProductDetail&prdNo=2323476392&trTypeCd=21&trCtgrNo=585021&lCtgrNo=1001423&mCtgrNo=1058956,태양전지 태양광발전 태양광패널 단결정 현대전자300W
에스토탈가전,"280,000",http://i.011st.com/ex_t/R/400x400/1/85/0/src/pd/19/4/7/3/0/6/5/CfbAh/2323473065_B.jpg,http://www.11st.co.kr/product/SellerProductDetail.tmall?method=getSellerProductDetail&prdNo=2323473065&trTypeCd=21&trCtgrNo=585021&lCtgrNo=1001423&mCtgrNo=1058956,현대 태양광모듈 단결정 태양광패널 태양광발전 300W
행복렌탈하우스,"231,000",http://i.011st.com/ex_t/R/400x400/1/85/0/src/pd/19/9/7/9/5/0/2/irbiP/2339979502_B.jpg,http://www.11st.co.kr/product/SellerProductDetail.tmall?method=getSellerProductDetail&prdNo=2339979502&trTypeCd=21&trCtgrNo=585021&lCtgrNo=1001423&mCtgrNo=1058956,한화큐셀 300W 태양광모듈(패널)단결정 집열판 대량납품 전문업체
행복렌탈하우스,"249,000",http://i.011st.com/ex_t/R/400x400/1/85/0/src/pd/19/9/7/9/1/7/5/KiSYx/2339979175_B.jpg,http://www.11st.co.kr/product/SellerProductDetail.tmall?method=getSellerProductDetail&prdNo=2339979175&trTypeCd=21&trCtgrNo=585021&lCtgrNo=1001423&mCtgrNo=1058956,현대 태양광 모듈(패널) 300w HiS-S300RG 캠핑카 차량용
썬더,"189,000",http://i.011st.com/ex_t/R/400x400/1/85/0/src/pd/19/9/0/3/4/8/7/yFMfT/1803903487_B.jpg,http://www.11st.co.kr/product/SellerProductDetail.tmall?method=getSellerProductDetail&prdNo=1803903487&trTypeCd=21&trCtgrNo=585021&lCtgrNo=1001423&mCtgrNo=1058956,플렉시블 ETFE/태양전지 100W/모듈/태양광/패널
에스토탈가전,"650,000",http://i.011st.com/ex_t/R/400x400/1/85/0/src/pd/19/9/2/8/8/7/3/WjccH/2325928873_B.jpg,http://www.11st.co.kr/product/SellerProductDetail.tmall?method=getSellerProductDetail&prdNo=2325928873&trTypeCd=21&trCtgrNo=585021&lCtgrNo=1001423&mCtgrNo=1058956,현대 아파트태양광세트 미니태양광 태양광 발전 패널
에스토탈가전,"187,000",http://i.011st.com/ex_t/R/400x400/1/85/0/src/pd/19/8/5/2/0/2/2/yFOBz/2324852022_B.jpg,http://www.11st.co.kr/product/SellerProductDetail.tmall?method=getSellerProductDetail&prdNo=2324852022&trTypeCd=21&trCtgrNo=585021&lCtgrNo=1001423&mCtgrNo=1058956,DOKIO 태양광모듈 단결정 태양광패널 태양광발전 100W
태승,"40,000",http://i.011st.com/ex_t/R/400x400/1/85/0/src/pd/17/9/7/7/3/0/2/1170977302_B.jpg,http://www.11st.co.kr/product/SellerProductDetail.tmall?method=getSellerProductDetail&prdNo=1170977302&trTypeCd=21&trCtgrNo=585021&lCtgrNo=1001423&mCtgrNo=1058956,태양전지판 8W18V/12V 축전지 충전 차량용 보조전원 캠핑카 태양열 집열판 태양광 모듈 가정용 충전기 패널
(주)인터아이넷,"215,000",http://i.011st.com/ex_t/R/400x400/1/85/0/src/pd/19/5/0/8/0/1/1/nbgsE/2406508011_B.jpg,http://www.11st.co.kr/product/SellerProductDetail.tmall?method=getSellerProductDetail&prdNo=2406508011&trTypeCd=21&trCtgrNo=585021&lCtgrNo=1001423&mCtgrNo=1058956,[올파워]AP60W 태양광 충전기 -미국 썬파워 패널/오지여행/캠핑/트래킹/등산/배터리방전/비상시 긴급충전
파워센터주식회사,"78,700",http://i.011st.com/ex_t/R/400x400/1/85/0/src/pd/17/5/9/7/6/8/8/928597688_B_V1.jpg,http://www.11st.co.kr/product/SellerProductDetail.tmall?method=getSellerProductDetail&prdNo=928597688&trTypeCd=21&trCtgrNo=585021&lCtgrNo=1001423&mCtgrNo=1058956,50W와트 태양전지모듈 태양전지판/태양광/솔라/솔라셀/솔라판넬/솔라전지/쏠라모듈/태양광배터리충전
굿,"16,410",http://i.011st.com/ex_t/R/400x400/1/85/0/src/pd/19/8/8/6/5/5/7/nRnsq/2391886557_B.jpg,http://www.11st.co.kr/product/SellerProductDetail.tmall?method=getSellerProductDetail&prdNo=2391886557&trTypeCd=21&trCtgrNo=585021&lCtgrNo=1001422&mCtgrNo=1002635,5종 쏠라 태양광 충전기 3.5W 태양광패널 태양전지판
hesco,"38,000",http://i.011st.com/ex_t/R/400x400/1/85/0/src/pd/17/8/7/6/9/6/6/yWUvD/1742876966_B.jpg,http://www.11st.co.kr/product/SellerProductDetail.tmall?method=getSellerProductDetail&prdNo=1742876966&trTypeCd=21&trCtgrNo=585021&lCtgrNo=1001423&mCtgrNo=1058956,(해외) 태양광충전기 5V 5W/1Ah 태양광패널 태양전지
행복렌탈하우스,"3,600,000",http://i.011st.com/ex_t/R/400x400/1/85/0/src/pd/19/9/7/9/3/1/5/KaGpR/2339979315_B.jpg,http://www.11st.co.kr/product/SellerProductDetail.tmall?method=getSellerProductDetail&prdNo=2339979315&trTypeCd=21&trCtgrNo=585021&lCtgrNo=1001423&mCtgrNo=1058956,한화 3kw 개인주택 가정용태양광발전 패널 설치 지붕 [울산시 울주군]
행복렌탈하우스,"339,000",http://i.011st.com/ex_t/R/400x400/1/85/0/src/pd/19/9/7/9/5/1/6/Vlfmy/2339979516_B.jpg,http://www.11st.co.kr/product/SellerProductDetail.tmall?method=getSellerProductDetail&prdNo=2339979516&trTypeCd=21&trCtgrNo=585021&lCtgrNo=1001423&mCtgrNo=1058956,한화큐셀 390W 태양광모듈(패널)단결정 집열판 대량납품 전문업체
에스토탈가전,"650,000",http://i.011st.com/ex_t/R/400x400/1/85/0/src/pd/19/9/2/9/4/9/1/hTUkG/2325929491_B.jpg,http://www.11st.co.kr/product/SellerProductDetail.tmall?method=getSellerProductDetail&prdNo=2325929491&trTypeCd=21&trCtgrNo=585021&lCtgrNo=1001423&mCtgrNo=1058956,현대아파트태양광설치 미니태양광 태양광 솔라 패널
엑스포넷(주),"246,200",http://i.011st.com/ex_t/R/400x400/1/85/0/src/pd/19/0/9/5/0/8/6/QQtYg/2367095086_B.jpg,http://www.11st.co.kr/product/SellerProductDetail.tmall?method=getSellerProductDetail&prdNo=2367095086&trTypeCd=21&trCtgrNo=585021&lCtgrNo=1001422&mCtgrNo=1002635,태양 태양에너지 태양광 솔라 태양광전지 플렉시블 솔라 패널 50W 태양전지 자연에너지 태양광
행복렌탈하우스,"198,000",http://i.011st.com/ex_t/R/400x400/1/85/0/src/pd/19/9/7/9/5/4/4/OKNag/2339979544_B.jpg,http://www.11st.co.kr/product/SellerProductDetail.tmall?method=getSellerProductDetail&prdNo=2339979544&trTypeCd=21&trCtgrNo=585021&lCtgrNo=1001423&mCtgrNo=1058956,플렉서블 태양광 패널 100W150W260W300W360W390W400W 태양전지 판넬 태양열 모듈
에스온,"21,710",http://i.011st.com/ex_t/R/400x400/1/85/0/src/pd/19/1/4/0/5/6/0/tsqVR/2396140560_B.jpg,http://www.11st.co.kr/product/SellerProductDetail.tmall?method=getSellerProductDetail&prdNo=2396140560&trTypeCd=21&trCtgrNo=585021&lCtgrNo=1001422&mCtgrNo=1002635,5종 쏠라 태양광 충전기 3.5W 태양광패널 태양전지판
행복렌탈하우스,"190,000",http://i.011st.com/ex_t/R/400x400/1/85/0/src/pd/19/9/7/9/4/1/6/fsrNE/2339979416_B.jpg,http://www.11st.co.kr/product/SellerProductDetail.tmall?method=getSellerProductDetail&prdNo=2339979416&trTypeCd=21&trCtgrNo=585021&lCtgrNo=1001423&mCtgrNo=1058956,한화큐셀 260W 태양광모듈(패널)다결정 집열판 대량납품 전문업체
행복렌탈하우스,"6,700,000",http://i.011st.com/ex_t/R/400x400/1/85/0/src/pd/19/9/7/9/3/3/1/eGPcA/2339979331_B.jpg,http://www.11st.co.kr/product/SellerProductDetail.tmall?method=getSellerProductDetail&prdNo=2339979331&trTypeCd=21&trCtgrNo=585021&lCtgrNo=1001423&mCtgrNo=1058956,한화 5kw 전원주택 가정용태양광발전 패널 설치 주차형 [화성시 서신면]
행복렌탈하우스,"231,000",http://i.011st.com/ex_t/R/400x400/1/85/0/src/pd/19/9/7/9/4/2/7/aXvIh/2339979427_B.jpg,http://www.11st.co.kr/product/SellerProductDetail.tmall?method=getSellerProductDetail&prdNo=2339979427&trTypeCd=21&trCtgrNo=585021&lCtgrNo=1001423&mCtgrNo=1058956,한화큐셀 300W 태양광모듈(패널)단결정 집열판 대량납품 전문업체
행복렌탈하우스,"339,000",http://i.011st.com/ex_t/R/400x400/1/85/0/src/pd/19/9/7/9/4/3/8/BLyVf/2339979438_B.jpg,http://www.11st.co.kr/product/SellerProductDetail.tmall?method=getSellerProductDetail&prdNo=2339979438&trTypeCd=21&trCtgrNo=585021&lCtgrNo=1001423&mCtgrNo=1058956,한화큐셀 390W 태양광모듈(패널)단결정 집열판 대량납품 전문업체
엑스포넷(주),"149,030",http://i.011st.com/ex_t/R/400x400/1/85/0/src/pd/19/9/6/2/4/1/1/zqXuX/2334962411_B.jpg,http://www.11st.co.kr/product/SellerProductDetail.tmall?method=getSellerProductDetail&prdNo=2334962411&trTypeCd=21&trCtgrNo=585021&lCtgrNo=1001422&mCtgrNo=1002635,플렉시블 솔라 패널 30W 태양전지 자연에너지 태양광 쏠라셀 자연에너지 태양광전지 솔라셀 태양에너지
주식회사,"246,210",http://i.011st.com/ex_t/R/400x400/1/85/0/src/pd/19/5/4/5/2/9/9/kmPMw/2402545299_B.jpg,http://www.11st.co.kr/product/SellerProductDetail.tmall?method=getSellerProductDetail&prdNo=2402545299&trTypeCd=21&trCtgrNo=585021&lCtgrNo=1001422&mCtgrNo=1002635,플렉시블 솔라 패널 50W 태양전지 자연에너지 태양광 쏠라셀 자연에너지 쏠라 쏠라패널 태양에너지
바바나무,"252,210",http://i.011st.com/ex_t/R/400x400/1/85/0/src/pd/19/1/7/9/0/9/7/TqKzk/2324179097_B.jpg,http://www.11st.co.kr/product/SellerProductDetail.tmall?method=getSellerProductDetail&prdNo=2324179097&trTypeCd=21&trCtgrNo=585021&lCtgrNo=1001422&mCtgrNo=1002635,플렉시블 솔라 패널 60W 태양전지 자연에너지 태양광 태양 태양에너지 솔라패널 태양광전지 솔라
이음,"18,860",http://i.011st.com/ex_t/R/400x400/1/85/0/src/pd/19/1/0/1/0/2/1/FaSCf/2407101021_B.jpg,http://www.11st.co.kr/product/SellerProductDetail.tmall?method=getSellerProductDetail&prdNo=2407101021&trTypeCd=21&trCtgrNo=585021&lCtgrNo=1001422&mCtgrNo=1002635,5종 쏠라 태양광 충전기 3.5W 태양광패널 태양전지판
글로비스(GLOBIS),"143,730",http://i.011st.com/ex_t/R/400x400/1/85/0/src/pd/19/4/7/5/0/7/6/YzgKZ/2407475076_B.jpg,http://www.11st.co.kr/product/SellerProductDetail.tmall?method=getSellerProductDetail&prdNo=2407475076&trTypeCd=21&trCtgrNo=585021&lCtgrNo=1001422&mCtgrNo=1002635,플렉시블 솔라 패널 30W 태양전지 자연에너지 태양광
행복렌탈하우스,"198,000",http://i.011st.com/ex_t/R/400x400/1/85/0/src/pd/19/9/7/9/4/9/2/WyMlA/2339979492_B.jpg,http://www.11st.co.kr/product/SellerProductDetail.tmall?method=getSellerProductDetail&prdNo=2339979492&trTypeCd=21&trCtgrNo=585021&lCtgrNo=1001423&mCtgrNo=1058956,한화큐셀 260W 태양광모듈(패널)다결정 집열판 대량납품 전문업체
행복렌탈하우스,"3,600,000",http://i.011st.com/ex_t/R/400x400/1/85/0/src/pd/19/9/7/9/7/2/2/fgadV/2339979722_B.jpg,http://www.11st.co.kr/product/SellerProductDetail.tmall?method=getSellerProductDetail&prdNo=2339979722&trTypeCd=21&trCtgrNo=585021&lCtgrNo=1001423&mCtgrNo=1058956,한화 3kw 가정용 태양광 발전기 공장/전기보일러/전기판넬
인정상사,"660,000",http://i.011st.com/ex_t/R/400x400/1/85/0/src/pd/17/1/2/0/0/9/7/itkfP/1922120097_B.jpg,http://www.11st.co.kr/product/SellerProductDetail.tmall?method=getSellerProductDetail&prdNo=1922120097&trTypeCd=21&trCtgrNo=585021&lCtgrNo=1001423&mCtgrNo=1058956,태양광패널 태양광에너지 260W 아파트 베란다 세트
주식회사,"28,500",http://i.011st.com/ex_t/R/400x400/1/85/0/src/pd/17/1/5/0/3/9/7/bqzRD/1372150397_B.jpg,http://www.11st.co.kr/product/SellerProductDetail.tmall?method=getSellerProductDetail&prdNo=1372150397&trTypeCd=21&trCtgrNo=585021&lCtgrNo=1001423&mCtgrNo=1058956,태양열 집열판 18V10W 전지판 솔라패널 판넬 태양광
blade,"493,000",http://i.011st.com/ex_t/R/400x400/1/85/0/src/pd/19/4/5/3/6/4/4/PiCfv/2300453644_B.jpg,http://www.11st.co.kr/product/SellerProductDetail.tmall?method=getSellerProductDetail&prdNo=2300453644&trTypeCd=21&trCtgrNo=585021&lCtgrNo=1001423&mCtgrNo=1058956,골제로 노마드 28 플러스 솔라패널 태양광 충전기
케이에스홀릭,"100,000",http://i.011st.com/ex_t/R/400x400/1/85/0/src/pd/17/9/4/3/7/6/5/RRpYw/1724943765_B.jpg,http://www.11st.co.kr/product/SellerProductDetail.tmall?method=getSellerProductDetail&prdNo=1724943765&trTypeCd=21&trCtgrNo=585021&lCtgrNo=1001423&mCtgrNo=1058956,휴대용 태양광/태양광패널/태양광 충전기/태양광발전기
두바이물산,"147,610",http://i.011st.com/ex_t/R/400x400/1/85/0/src/pd/19/5/6/0/7/7/0/nmwss/2349560770_B.jpg,http://www.11st.co.kr/product/SellerProductDetail.tmall?method=getSellerProductDetail&prdNo=2349560770&trTypeCd=21&trCtgrNo=585021&lCtgrNo=1001422&mCtgrNo=1002635,플렉시블 솔라 패널 30W 태양전지 자연에너지 태양광 태양광전지 쏠라 선파워셀 솔라 솔라패널
행복렌탈하우스,"198,000",http://i.011st.com/ex_t/R/400x400/1/85/0/src/pd/19/9/7/9/5/2/5/cpHXL/2339979525_B.jpg,http://www.11st.co.kr/product/SellerProductDetail.tmall?method=getSellerProductDetail&prdNo=2339979525&trTypeCd=21&trCtgrNo=585021&lCtgrNo=1001423&mCtgrNo=1058956,플렉서블 태양광 패널 100W 태양전지 판넬 태양열 모듈
승리샵,"206,600",http://i.011st.com/ex_t/R/400x400/1/85/0/src/pd/19/6/5/5/6/3/1/xCoEi/2398655631_B.jpg,http://www.11st.co.kr/product/SellerProductDetail.tmall?method=getSellerProductDetail&prdNo=2398655631&trTypeCd=21&trCtgrNo=585021&lCtgrNo=1001422&mCtgrNo=1002635,무료배송 플렉시블 솔라 패널 50W 태양전지 자연에너지 태양광 쏠라 솔라 솔라패널 태양 솔라셀
행복렌탈하우스,"3,600,000",http://i.011st.com/ex_t/R/400x400/1/85/0/src/pd/19/9/7/9/2/5/6/KPKFp/2339979256_B.jpg,http://www.11st.co.kr/product/SellerProductDetail.tmall?method=getSellerProductDetail&prdNo=2339979256&trTypeCd=21&trCtgrNo=585021&lCtgrNo=1001423&mCtgrNo=1058956,한화 3kw 개인주택 태양광발전 패널 설치 지붕 영동군 영동황간로
행복렌탈하우스,"3,600,000",http://i.011st.com/ex_t/R/400x400/1/85/0/src/pd/19/9/7/9/2/6/7/Yqqkh/2339979267_B.jpg,http://www.11st.co.kr/product/SellerProductDetail.tmall?method=getSellerProductDetail&prdNo=2339979267&trTypeCd=21&trCtgrNo=585021&lCtgrNo=1001423&mCtgrNo=1058956,한화 3kw 단독주택 가정용태양광발전 패널 설치 지붕 [부여군 부여읍]
행복렌탈하우스,"198,000",http://i.011st.com/ex_t/R/400x400/1/85/0/src/pd/19/9/7/9/4/6/0/PzCzr/2339979460_B.jpg,http://www.11st.co.kr/product/SellerProductDetail.tmall?method=getSellerProductDetail&prdNo=2339979460&trTypeCd=21&trCtgrNo=585021&lCtgrNo=1001423&mCtgrNo=1058956,플렉서블 태양광 패널 150W 태양전지 판넬 태양열 모듈
