지역,내용
서울," 서울의 연평균기온은 12.5℃이다. 최한월 평균기온은 -2.4℃로 1월에 나타나고 최난월 평균기온은 25.7℃로 8월에 나타나며, 연교차는 28.1℃로 매우 크다.
여름철(6월, 7월, 8월) 강수량 합은 892.1mm로 연강수량의 약 61%를 차지하여 전체 강수량 중 여름철 강수량의 비율이 매우 높다. 반면 겨울철(12월, 1월, 2월) 강수량 합은 67.3mm로 연강수량의 약 5%에 불과하다.
연평균 풍속은 2.3m/s이며, 월별 평균풍속은 9월에 1.9m/s로 가장 낮고 3월과 4월에 2.8m/s로 가장 높다.
서울의 연평균 상대습도는 64%이며, 월별 상대습도를 보면 4월에 56%로 가장 습도가 낮고 7월에 78%로 가장 높게 분포한다. 여름철의 평균 상대습도는 74%로 매우 습하며, 봄과 겨울철의 상대습도는 약 60%로 상대적으로 건조하다."
수원시,"수원은 경기남서부의 내륙지방에 위치하고 있고, 지형은 대체로 동북에서 서남 방면으로 완만한 경사를 이루며 주위에 높거나 험한 산이 별로 없고 남쪽에 평야가 이어져 있다. 주변의 인천 또는 서울에 비해 여름이 무덥고 겨울은 비교적 한랭한 대륙성 기후의 특성이 나타난다.
수원의 연평균기온의 평년값은 12.0℃이다. 최한월 평균기온은 -2.9℃로 1월에 나타나고 최난월 평균기온은 25.6℃로 8월에 나타나며 연교차는 28.5℃이다.
수원의 연강수량의 평년값은 1312.3mm이다. 1월 강수량이 22.4mm로 가장 적고, 8월 강수량이 299.8mm로 가장 많다. 
여름철(6월~8월) 강수량의 합은 780.1mm로 연 강수량의 59.4%를 차지한다.
바람은 계절에 관계없이 서북서풍이 탁월하며, 운량은 여름철에 많고 겨울철에는 적게 나타난다.
계절관측 평년값은 첫서리가 10월 23일, 첫얼음은 10월 28일, 첫눈은 11월 22일이다."
이천시,"이천은 북부와 서부는 광주산맥, 남부는 차령산맥으로 둘러싸여 있으며, 동부는 비교적 낮고 평탄한 지형을 이루고 있는 분지지형으로, 시의 중앙으로 남한강의 지류인 복하천이 흐르고 있다.
연평균기온의 평년값은 11.6℃이며 최한월 평균기온은 -3.1℃(1월), 최난월 평균기온은 24.4℃(8월)로 27.5℃의 연교차를 보인다.
연강수량의 평년값은 1,370.8mm로 여름철(6~8월) 강수량(836.1mm)이 약 61%를 차지한다.
연평균풍속의 평년값은 1.3m/s이며, 월평균풍속은 10월이 0.9m/s로 가장 낮고 4월이 1.8m/s로 가장 높다.
연평균상대습도는 66.7%이며, 4월에 55.3%로 가장 낮고, 7월에 77.3%로 가장 높다."
양평군,"양평은 주변이 산으로 둘러싸인 분지형태이며, 남한강이 양평을 남에서 북으로 가로질러 양수리에서 북한강과 만나서 합류한다. 특히 북-북동-동쪽으로는 험준한 산지가 위치해 있다.
연평균기온의 평년값은 11.5℃이며 최한월 평균기온은 -3.4℃(1월), 최난월 평균기온은 24.7℃(8월)로 28.1℃의 연교차를 보인다.
연강수량의 평년값은 1,438.2mm로 여름철(6~8월) 강수량(915.7mm)이 약 64%를 차지한다.
연평균풍속의 평년값은 1.2m/s이며, 월평균풍속은 9월과 10월이 0.9m/s로 가장 낮고 3월과 4월이 1.5m/s로 가장 높다.
연평균상대습도는 70.5%이며, 4월에 58.1%로 가장 낮고, 8월에 80.1%로 가장 높다."
인천,"인천은 한반도의 중앙부 황해 연안에 자리 잡고 있으며, 북쪽으로는 옹진군 및 강화군 내의 여러 도서로 구성되어 있으며 북한의 황해도와 접하고 있다. 남쪽으로는 옹진군 내의 도서가 충청남도 및 경기도에 속한 여러 도서와 맞닿아 있고, 동쪽으로는 수도 서울 및 경기도 내의 여러 시,군과 접하고 있다. 특히 옹진 및 강화군의 여러섬이 편입됨으로써 총 157개의 많은 도서를 가지고 있으며, 무엇보다도 면적상 북서부의 백령도에서 남서쪽으로 덕적도에 이르기까지 광할한 해역을 포함하고 있다.
인천의 연평균기온은 12.1℃이며, 가장 추운달은 1월로 -2.1℃, 가장 무더운 달은 8월로 25.2℃로 연교차는 27.3℃이다.
연평균강수량은 1234.4mm이며, 여름철(6월, 7월, 8월) 강수량 합은 717.4mm로, 연강수량의 약 58%이며, 겨울철(12월,1월, 2월) 강수량 합은 60.7mm로 연 강수량의 약 5%이다.
연평균풍속은 2.9m/s이며, 3월이 3.7m/s로 가장 높고, 9월이 2.1m/s로 가장 낮다.
연평균 상대습도는 69%이며, 월별 상대습도를 보면 1월, 2월, 12월의 습도가 62%로 가장 낮고, 7월에 82%로 가장 높게 분포한다. 여름철(6월, 7월, 8월)의 평균 상대습도는 79%로 매우 습하며, 봄철(3월 ,4월, 5월) 상대습도는 66%이며, 겨울철(12월, 1월, 2월)의 상대습도는 62% 상대적으로 건조하다.
계절관측 평년값은 첫서리가 11월 7일, 첫얼음은 11월 7일, 첫눈은 11월 24일이다."
강화군,"기온은 연평균 기온이 11.1 ℃이며, 가장 추운달은 1월로 -3.8℃, 가장 무더운 달은 8월로 24.5℃로 연교차는 28.3℃이다.
연평균 강수량은 1346.7mm 이며, 여름철(6월, 7월, 8월) 강수량 합은 808.2mm으로, 연강수량의 약 60%이며, 겨울철(12월, 1월, 2월) 강수량 합은 55.7mm로 연 강수량의 약 4%이다.
연평균풍속은 1.7m/s이며, 4월이 2.1m/s로 가장 높고, 9월과 10월이 1.4m/s로 가장 낮다.
연평균 상대습도는 70%이며, 월별 상대습도를 보면 2월, 3월, 4월의 습도가 63%로 가장 낮고 7월에 83%로 가장 높게 분포한다. 여름철의 평균 상대습도는 79%로 매우 습하며, 봄(3월 ,4월, 5월)과 겨울철(12월, 1월, 2월)의 상대습도는 65%로 상대적으로 건조하다.
계절관측 평년값은 첫서리가 10월 24일, 첫얼음은 10월 28일, 첫눈은 11월 23일이다."
동두천시,"경기북부 내륙에 위치하여 한탄강, 임진강 등 긴 하천과 높고 낮은 산지를 이루면서 낮 기온 상승으로 인한 대기 불안정이 발생하여 집중호우가 자주 발생하고 있다. 서쪽으로는 한강 하구로 저지대이며, 산지는 주로 400m내외의 비교적 낮은 산들로 산재해 있으나 북동내륙지방은 감악산, 소요산 등 800∼1000m의 비교적 높은 산들이 산맥을 이루고 있어 동고서저의 지형으로 서해 및 한강 하구에서 서 또는 남서풍이 불 때 많은 양의 비가 내려 우리나라에서도 다우지역에 속하는 곳이다. 또한 도시 또는 마을의 대부분이 산들로 둘러싸인 분지 형태로 형성되어 있다.
기온은 연 평균 11.1℃로 겨울철에는 찬 대륙성 고기압의 영향으로 최저기온이 -6~-9℃ 분포로 서울지방보다 약 3℃ 낮고, 여름철 최고기온은 27~30℃ 분포로 서울지방과 비슷하다.
강수량은 연평균 1500.0mm 이상으로 특히 1998년도와 2011년에는 2000.0mm 이상의 많은 강수가 관측되었다.
적설은 1998년 2월 관측 이래, 2001년 1월에 가장 많은 눈이 내리면서 일 최심신적설 20cm(2001. 1. 7)가 관측되었고, 일 최심적설은 23.7cm(2001. 1. 9)로 20cm 이상 관측된 날이 8일 동안 지속되었다."
파주시,"파주시는 서울과 개성의 중간지점인 경기도 서북부에 위치하여 동쪽으로 연천군과 양주시, 남쪽으로 고양시와 맞닿아 있으며, 서쪽으로 한강을 경계로 김포시, 북쪽으로 임진강이 지나면서 북한의 개풍군과 접해있다. 동쪽으로 마식령산맥의 말단부에 위치하고, 북쪽의 임진강과 서쪽의 한강이 흐르는 동고서저형의 지형적 특징을 나타내고 있다. 파주기상대는 파주시 중심부 북쪽 임진강이 가까운 평야지대 부근에 위치하고 있다. 2002년 1월 1일 파주기상대 기상관측이래 최근 2013년 까지 관측자료를 바탕으로 기후특성을 알아보면,
기온은 연평균 10.9℃, 가장 추운 달은 1월로 -5.1℃, 가장 더운 달은 8월로 24.9℃이다.
강수량은 연평균 1458.7mm이며, 월평균 강수량 중 가장 적은 달은 1월 16.6mm, 가장 많은 달은 7월 480.3mm이다.
풍속은 연평균 1.7m/s이며, 상대습도는 연평균 72.2%이다."
백령도,"백령도는 2000년도에 신설되어 신설 이후, 2001년부터 2010년까지의 10년간의 자료에 의하면,
평균강수량은 825.6mm이다.
평균기온은 최한월(1월) 평균기온은 -1.5℃, 최고기온 평균 1.2℃, 최저기온 평균 -3.7℃ 으로 평균 일교차는 4.9℃이고, 최난월(8월) 평균기온 23.6℃, 최고기온 평균 26.9℃, 최저기온 평균 21.3℃으로 평균 일교차는 5.6℃로 나타난다.
연 최고기온은 내륙보다 2∼3℃ 낮고, 최저기온은 1∼2℃ 높게 나타나 일교차가 적은 해양성 기후의 특성을 보인다."
춘천시,"1981~2010년 기상요소에 대한 평년값을 보면 춘천의 연평균 기온은 11.1℃이다. 춘천의 최한월 평균기온은 1월 -4.6℃로 나타나고 최난월 평균기온은 8월 24.6℃로 나타나며, 연교차는 29.2℃로 다소 큰 편이다. 
춘천은 30년 동안 연도별 평년 최고기온, 최저기온, 연평균기온을 살펴보면, 대부분 상승 추세를 보이고 있다. 연평균기온은 30년 동안 0.5℃ 상승했다. 춘천에서 관측을 시작한 이래 1969년 2월 6일이 -27.9℃로 가장 추웠고, 1972년 7월 21일 36.6도로 가장 더웠다.

연강수량은 1347.3㎜로 우리나라의 연강수량(1308㎜)보다 많다. 춘천은 1월 강수량이 20.3㎜로 가장 적고, 7월 강수량이 383㎜로 가장 많다. 장마와 집중호우가 주를 이루는 여름철 강수량은 824.4㎜로 연 강수량의 61.2%를 차지하고 겨울철 강수량은 매우적다. 하루 동안 강수량이 가장 많은 날은 1991년 7월 25일로 308.5㎜이고, 최근 들어 강수량이 점차 증가하는 추세이다. 
춘천 일강수가 0.1㎜ 이상 내린 날은 3182일, 연평균 106.1일로 연간 29.1%를 차지한다. 일강수가 100㎜ 이상 내린 날은 30년 동안 총 50일이며, 장마와 집중호우가 나타나는 6~9월 사이에 주로 발생한다."
동해시,"동해는 태백산맥 동쪽해안에 위치해 동해바다의 영향으로 해양성기후의 특성이 나타난다. 연평균기온은 12.6℃로서, 여름철(최난월 8월 23.7℃)에는 서울에 비해 2℃가량 낮아 쾌적하며, 겨울철(최한월 1월 0.8℃)에는 서울에 비해 3℃이상 높아 따뜻하다. 전반적으로 동해바다와 태백산맥의 영향으로 다른 지역에 비해 여름에 시원하고, 겨울에는 따뜻하여 기온의 연교차가 비교적 적다.
연강수량은 1,278.9mm로서, 건조한 시기인 겨울에는 폭설이 2～3회 발생하면서 강수량이 다른 지역에 비해 상대적으로 많고, 여름에는 다른 지역에 비해 강수량이 적은 편이다.
늦여름과 초가을에 태풍의 영향으로 피해를 입기도 하며, 장마전후반이나 여름에 짙은 해무가 발생하고, 봄철과 겨울철에는 바람이 강하게 불 때가 있다."
태백시,"태백은 강원남부 산악지역에 위치하여 산악기후의 특성이 나타난다. 풍향에 따라 다른 날씨를 보이는데 동풍이 불면 상대적으로 가까운 동해해양의 영향으로 강수량이 많지만 서풍이 불면 강수량이 비교적 적다. 연평균기온은 8.7℃로서, 여름철(최난월 8월 21.0℃)에는 서울에 비해 5℃가량 낮아 생활에 쾌적하며, 겨울철(최한월 1월 -4.8℃)에는 서울에 비해 2℃이상 낮다.
연강수량은 1,324.3mm로서, 건조한 시기인 겨울에는 폭설이 2～3회 발생하고, 여름에는 다른 지역에 비해 강수량이 적은 편이나 복잡한 산악지형으로 인하여 소나기나 우박이 내릴 때가 있다.
전반적으로 해발고도가 높은 산악지역으로 다른 지역에 비해 기온이 낮아, 여름에 생활하기 좋고, 겨울에는 눈과 얼음에 관련한 겨울축제나 스포츠에 알맞으며, 기온의 연교차가 상대적으로 적다.
서리가 내리는 기간이 길고, 해발고도가 높아 안개발생이 상대적으로 많다. 주변 하천 발달이 미약하고, 겨울철 강수현상이 불규칙하여 가뭄의 피해를 겪기도 한다."
원주시,"연평균 기온의 평년값은 11.3℃이며, 최한월 평균기온은 1월(-4.3℃)에 나타나고 최난월 평균기온은 8월(24.4℃)에 나타나며, 연교차는 29.1℃이다. 
연강수량 평년값은 1343.6 mm이며, 12월(1월)의 강수량이 24.1(22.0) mm로 가장 적고 7월(8월)의 강수량이 362.2(290.1) mm로 가장 많다. 여름철 강수량은 792.4 mm로 연강수량의 58.9%를 차지하며, 연강수량은 여름철에 집중되어 있다.
연평균 풍속 평년값은 1.1 m/s이며, 월별 평균풍속은 9월과 10월에 1.0m/s로 가장 약하고, 4월에 1.6m/s로 가장 강하게 나타나며, 서풍과 남서풍이 주풍향이다.
연평균 상대습도의 평년값은 69.3%이다. 월별 상대습도를 보면 4월에 58.4%로 가장 낮고, 7월에 78.5%로 가장 높게 나타난다. 여름철의 평균 상대습도는 75.6%로 매우 습하며, 봄과 겨울철의 상대습도는 각각 61.4%, 66.8% 로 상대적으로 건조하다.
연평균 운량은 5.2할이다. 강수가 많은 여름철에 운량이 매우 높아 7월과 8월에 각각 7.4할, 6.6할로 가장 크며, 그 외에 계절은 4~5할의 운량 분포를 보인다."
영월군,"영월의 연평균기온은 10.8도 정도이며 내륙분지 지형으로서 일교차 및 연교차가 크게 발생하여 연중 최고기온 극값은 영상 37.2도, 최저기온의 극값은 영하 23.5도를 나타내며, 연 강수량은 1224.4㎜(최저 792.3mm, 2001년|최고 1408mm, 1998년)이고 이중 60∼80%가 하절기에 집중되어 내리며, 8월 상순경에 집중호우가 많이 발생한다. 눈은 평균 11월 하순에 시작되며, 이듬해 3월 하순까지 관측되어지며 20㎝이상의 폭설이 내리기도 하며, 용이한 습윤 공급으로 인하여 영월은 연간 안개가 빈번히 발생한다. 특히 가을철 안개발생 빈도수는 전국 최고수준이며, 서리도 얼음보다 1∼2주 빠른 10월 초순부터 이듬해 4월 중순까지 내립니다. 습도는 봄철에 가장 낮게 나타나며 연중 고른 풍향이 나타난다. 한편, 영월지방은 석회석으로 된 암반이 많아 논농사보다는 밭농사를 주로 하고 있다."
속초시,"속초지방의 연평균 기온은 12.2℃로 비교적 온화한 기후를 보이며, 이는 사계절에 걸쳐 동해상으로 유입되는 해풍의 영향을 받고 있기 때문이다. 연평균 강수량은 1402.2㎜로 도내에서는 비교적 비가 많은 지역이다. 한편, 겨울철에 발생하는 폭풍현상은 강한 북서 계절풍의 영향이나 4월과 5월에 걸쳐 나타나는 폭풍현상은 태백산맥의 지형적인 원인과 기상학적 원인이 복합적으로 작용하는 영동지방만의 특유한 현상이다."
철원군,"철원지방의 연평균기온은 10.2℃,연평균 일 최고기온은 16.2℃, 연평균 일 최저기온은 4.7℃로 기온차가 큰 대륙성 기후의 특징을 보이며, 특히 동절기에는 한랭지대로서 한난의 차가 크다. 연평균 강수량은 1,391.2mm로 우리나라 평균 강수량과 비슷하고 7월에 400.9mm, 8월에 338.2mm로 많은 양을 기록하고 있다. 특히 철원지방은 지형적으로 풍상측에 놓여 지형성 강수를 야기하여 집중호우가 많이 나타나고 있다. 바람은 연중 남서계열의 바람이 많으며, 풍속은 비교적 약하나 봄철(3~5월)에 다소 강하게 분다. 전반적으로 강원도 영서지방의 기후특성과 비슷하나, 춘천지방과 비교해보면 한난의 차가 더 심하고 지속적이고 국지적인 호우 형태의 강수를 보이고 있다. 또한 바람이 약하고 맑은 날이 더 많은 편이다."
평창군,"대관령은 해발 772.4m의 고산지대에 위치하므로 바람, 안개, 기온 등 고산 기후 특성이 나타난다.

연평균기온은 6.6℃이고, 최고기온이 30℃이상 되는 날이 거의 없으며, 0℃이하의 일수는 110일 이상이다. 6∼10월의 월 평균기온이 20℃를 넘지 않는 경우가 많으며, 6월에서 9월까지는 안개 발생이 잦아 연평균안개일수가 11일에 달하고, 이로 인한 일조시간의 감소도 나타난다.

연강수량은 1898.0㎜로 여름철에 50%로 편중되어 있으며, 바람은 주로 서풍으로 평균풍속이 4.3㎧로 연중 강한 편이다. 특히, 동절기에는 북동기류의 영향으로 기상변화가 심하고 대설현상이 많다."
강릉시,"연평균기온은 13.1℃이며, 연평균 최고기온과 최저기온은 각각 17.5℃와 9.2℃이다. 같은 위도의 서해안보다 기후가 온난하고, 여름에는 태백산맥의 서쪽보다 시원하다.

연평균 강수량은 1464.5㎜이며, 월별로 살펴보면 강수량은 7~9월의 여름철에 집중되어 있고, 12~2월의 겨울철에는 월평균 40~60㎜ 안팎으로 여름철과 비교하면 큰 차이를 나타낸다. 특히 8월에는 평균 298.9㎜의 높은 강수량을 나타낸다.

연평균풍속은 강릉이 2.6㎧이며, 겨울철과 봄철에 강풍현상이 자주 있으며, 계절에 관계없이 북동(NE)기류의 유입시 날씨가 나빠지며 강수 현상을 나타내는 특징을 가진다."
대전,"기온은 연평균기온 13.0℃, 가장 무더운 달인 8월 월평균기온 25.6℃, 가장 추운 달인 1월의 월평균기온 -1.0℃, 연교차는 26.6℃로 여름은 덥고 겨울에는 추운 대륙성 기후특성을 나타내고 있다.
강수량은 연평균이 1458.7mm이며 계절적으로 연강수량의 50-60%가 여름에 내리고, 5-10%는 겨울에 내린다.
바람은 일반적으로 북서계절풍이 남서계절풍보다 강하고, 특히 겨울철에는 북서풍이 불며, 운량은 7월에 많고 10월에는 적게 나타난다.
계절관측 평년값은 첫서리가 10월 24일, 첫얼음은 10월 31일, 첫눈은 11월 19일이다."
부여군,"부여는 분지형 지형으로 하절기에는 기온이 높고 일교차가 크며, 금강의 영향으로 이슬이 많고 안개가 많이 발생한다. 북으로는 성태산, 조공산, 서로는 만수산, 월명산, 비홍산이 있고, 북동으로부터 남서로 차령산맥이 뻗치고 있다.

연평균기온은 12.2℃로가장 무더운 달인 8월 월평균기온은 25.5℃, 가장 추운 달인 1월의 월평균기온은 -1.9℃이며, 연교차는 27.4℃이다.
연평균강수량은 1349.2mm이며 강수량은 여름철 강수량은 768.8mm로 연강수량의 57%이다
연중 바람은 봄철(3~5월)에 1.4m/s로 평균풍속이 가장 강하게 나타난다.
계절관측 평년값은 첫서리가 10월 18일, 첫얼음은 10월 25일, 첫눈은 11월 23일이다."
금산군,"금산은 충청남도 최남단에 있으며, 동쪽으로는 충청북도 영동군 옥천군, 서북쪽은 논산시 대전광역시, 남쪽은 전라북도 완주군 진안군 무주군과 접한다. 동서의 길이는 24km, 남북의 길이는 32km로 4각형의 지세를 이룬다. 주위에는 해발 400~900m에 이르는 산이 많은 가운데 금산군은 분지형태를 이룬다. 충청남도에서 가장 높은 산인 서대산이 있다.

연평균기온은 11.6℃, 연평균최고기온은 18.2℃, 연평균최저기온은 5.9℃로 인근 대전과 최고기온은 비슷하나 평균기온과 최저기온이 1∼2℃ 정도 낮다.
연평균강수량은 1296.8mm로 내륙평균값과 비슷하지만 여름철 강수량은 748.2mm, 겨울철 강수량은 95.4mm, 봄철은 217.7mm, 가을철 235.8mm로 여름철에 편중된다.
연평균풍속은 1.1m/s로 약한편이고, 동절기에는 북서풍이 탁월하고, 여름에는 남서계열의 바람이 많이 불고 있다.
계절관측 평년값은 첫서리가 10월 17일, 첫얼음은 10월 23일, 첫눈은 11월 22일이다.
"
천안시,"천안은 충남북부 내륙 도시로 북서쪽 방향 20km 지점에 삽교호와 아산호, 동쪽 방향 5km 지점에 성거산(579m)과 흑성산(519m), 남쪽 방향 12km 지점에 운주산(460km), 남서쪽 14km 지점에 천안에서 가장 높은 광덕산(699m)이 있다. 이와 같이 북동에서 남서쪽으로 뻗은 산맥이 서해안의 해양성 기류의 순전을 차단하여 대륙성기후 특성을 나타내고 있다.

기온은 연평균 11.8℃, 가장 높은 달인 8월의 월평균기온 25.1℃, 가장 낮은 달인 1월의 월평균기온 -2.9℃로 연교차 28.0℃의 뚜렷한 대륙성기후의 특성을 나타나고 있다.
강수량은 연평균 1226.5mm로 계절적 평균으로 봄 193.0mm(16%), 여름 696.1mm(57%), 가을 260.7mm(21%), 겨울 76.6mm(6%)이다.
바람은 연평균 1.6m/s로 여름철에는 남서풍, 겨울철에는 북서풍이 많이 나타났다.
계절관측 평년값은 첫서리가 10월 23일, 첫얼음 10월 27일, 첫눈 11월 20일이다."
서산시,"서산시의 지형지세는 동쪽으로 가야산(678m), 북쪽으로는 망일산(303m)이 있는 동고서저형의 지형지세로 해발 100m 이하의 평야와 구릉지가 전체 면적의 60%를 차지하고 있다. 충남서해안의 중심부인 서산지방은 해양기후 특성을 나타낸다.

연평균기온은 11.9℃로 내륙인 대전보다 조금 낮고, 가장 무더운 달인 8월 월평균기온은 25.1℃, 가장 추운 달인 1월의 월평균기온은 -2.0℃로 연교차는 27.1℃이다.
연평균강수량은 1285.7mm로 중부지방 연평균 강수량과 비슷하지만 내륙지방인 대전보다는 적고 여름철 강수량은 707.7mm로 연평균 강수량의 55%이다.
연평균풍속은 2.4m/s로 내륙지방보다 다소 강한편이다. 봄철에는 남풍이 비교적 강하며, 북동기류 유입시 낮최고기온이 많이 올라간다. 여름철에는 남서기류의 영향으로 습하고 겨울철에는 북서기류의 영향이 탁월해 눈이 자주온다.
계절관측 평년값은 첫서리가 10월 25일, 첫얼음은 11월 2일, 첫눈은 11월 20일이다."
보령시,"보령시는 충청남도 남서에 위치하고 있으며 해안에 형성된 분지이다. 보령시는 동쪽에 차령산맥의 지선인 성주산이 남서로 뻗쳐 있으며, 서쪽에는 서해중부해상으로 리아스식 해안과 안면도, 원산도 등 여러 섬들이 산재하여 해양성기후가 나타난다.

연평균기온은 12.4℃, 가장 무더운 달인 8월 월평균기온은 25.5℃, 가장 추운 달인 1월의 월평균기온은 -0.8℃이며, 연교차는 26.3℃이다.
연평균강수량은 1244.3mm로 내륙 평년값에 비하여 다소 적은 편이며, 여름철 강수량은 703.3mm, 겨울철은 87.9mm로 여름에 강수량이 편중된다.
연평균풍속은 1.9m/s로 내륙보다 강하며, 여름에는 남서기류의 영향을 받아 습하고, 겨울철에는 북서기류에 의한 지형적인 영향으로 눈이 자주 오며, 남서풍과 북서풍에 바람과 파도가 높고, 봄과 여름철에는 해무가 자주 발생한다.
계절관측 평년값은 첫서리가 11월 1일, 첫얼음은 11월 4일, 첫눈은 11월 21일이다."
청주시,"기후적으로 볼 때 청주시는 한반도의 대표적인 온대지역으로서 북한의 한대기후와 남단의 난대기후의 중간적인 기후특성을 가지고 있어 청주의 연평균 기온과 연평균 강수량은 우리나라 전체의 연평균과 대체로 일치하고 있다. 청주는 바다에서 떨어진 내륙에 위치하기 때문에 한서의 차가 비교적 심한 대륙성 기후를 보이고 있다.

연평균기온은 12.5℃, 가장 무더운 달인 8월 월평균기온은 25.8℃, 가장 추운 달인 1월의 월평균기온은 -2.4℃이며, 연교차는 28.2℃이다.
연강수량은 1239.1mm이다. 여름철(6~8월) 강수량은 711.9mm로 연강수량의 57.5%를 차지하고, 겨울철(12~2월) 강수량은 80.8mm로 연강수량의 6.5%를 차지한다.
계절관측 평년값은 첫서리가 10월 22일, 첫얼음은 10월 30일, 첫눈은 11월 22일이다."
보은군,"충북남부내륙에 위치하고, 지형적으로 산맥으로 둘러싸여 있어 커다란 분지의 모습을 하고있다.

연평균기온은 10.9℃, 가장 무더운 달인 8월 월평균기온은 24.1℃, 가장 추운 달인 1월의 월평균기온은 -3.4℃, 연교차는 27.5℃이다.
연강수량은 1297.4mm이며, 여름철(6~8월) 강수량은 762.6mm로 연강수량의 58.8%를 차지하고, 겨울철(12~2월) 강수량은 86.6mm로 연강수량의 6.7%를 차지한다.
계절관측 평년값은 첫서리가 10월 15일, 첫얼음은 10월 21일, 첫눈은 11월 18일이다."
충주시,"연평균기온은 11.2℃이며, 최난월인 8월의 평균기온은 24.9℃, 최한월인 1월의 평균기온은 -4.2℃로, 연교차는 29.1℃이다.
강수량의 평년값은 1212.7mm이며, 평균 습도는 71.9%이다.
풍속의 평년값은 1.2m/s이며, 풍향은 서풍이 지배적이다.
계절관측 평년값은 첫서리가 10월 20일, 첫얼음이 10월 27일, 첫눈이 11월 24일이다."
영동군,"연평균기온은 11.7℃이며, 월별로는 8월의 평균기온이 24.1℃로 가장 높고, 1월의 평균기온이 -2.0℃로 가장 낮다. 연교차는 26.1℃이다.
강수량의 평년값은 1187.1mm이며, 이 중 57%(675.4mm)가 여름철(6~8월)에 내린다.
풍속의 평년값은 2.7m/s이며, 월별로는 12~4월 사이에 바람이 강하게 불고, 6~9월에는 약하게 분다. 풍향은 서풍이 우세하다.
계절관측의 평년값은 첫서리가 10월 24일, 첫얼음은 10월 27일, 첫눈은 11월 18일이다."
제천시,"제천시는 내륙의 해발고도가 높은 곳에 위치하고 있으며, 산으로 둘러싸인 분지지형이다.

연평균기온은 10.2℃이며, 최난월인 8월의 평균기온은 23.8℃, 최한월인 1월의 평균기온은 -5.2로, 연교차는 29℃이다.
강수량의 평년값은 1387.8mm이고, 평균 습도는 69.8%이다.
풍속의 평년값은 1.4m/s이다.
계절관측 평년값은 첫서리가 10월 13일, 첫얼음이 10월 18일, 첫눈이 11월 20일이다."
목포시,"목포지방은 한반도의 남서쪽에 위치하여 전반적으로 하계에는 해양성기후, 동계에는 대륙동안형 기후대로 크게 온대동계건조기후대(Cwa)와 한대동계건조기후대(Dwa)로 구분 할 경우 Cwa에 속한다고 할 수 있다. 기후를 좀더 세분하여 구분하면 서해안형에 해당되며 편서풍지대에 해당되는 우리나라의 기상현상의 발생 및 이동의 전초기지로서의 그 중요성이 매우 크다. 연평균강수량은 1,163.6mm, 일 최다강수량은 394.7㎜(81. 9. 2), 1시간 최다강수량은 64.5㎜(‘04. 7. 03), 년간 강수일수는 119일, 눈이 내리는 날은 년간 27일이다. 년간 연평균기온은 13.9℃, 일 최고기온 37.0℃('94, 7, 24), 일 최저기온 -14.2℃('15, 1, 13), 최고기온이 30℃가 넘는 날은 년간 31일, 최저기온이 0℃이하인 날은 년간 58일이다. 년 평균풍속은 3.9㎧로 비교적 강하게 불고, 여름에는 SW풍, 겨울에는 NW풍이 탁월하며, 겨울철 찬 대륙성 고기압 확장시에는 돌풍현상과 소낙성눈이 자주 내리고 있다."
흑산도,"흑산도지방은 사면이 바다로 둘러 싸여 온대성 해안성기후대에 속한다. 여름에는 고온다습한 남서풍에 의해 안개가 자주 발생하고, 특히 평균습도가 80%이상이다. 겨울에는 찬 시베리아고기압의 영향을 받아 한랭건조하며, 바람은 강하게 나타나고 있다. 연평균 기온은 13.3℃, 최고기온은 16.2℃, 최저기온은 11.5℃가 나타나고 있다. 연평균강수량은 1107.2mm로 서해안과 남해안보다 200~650mm 적게 나타나고 있으며, 월 50㎜ 미만은 6개월에 해당되며, 그 기간은 10월부터 이듬해 3월까지이다. 7월과 8월은 강수량이 급격히 증가한 후 9월부터 다시 감소세를 나타내고 있다. 이처럼 강수량이 여름에 편중되어 봄, 가을, 겨울에 심각한 식수난을 유발하기도 한다. 평균풍속은 1월 7.m/s로 가장 강하게 불고, 6월 4.2m/s로 가장 약하게 나타나고 있으며, 북서계절풍을 받은 겨울철에 강하게 나타나고 있다. 또한, 흑산도지방의 풍속 극값은 2000년 8월 31일 12호 태풍 ‘프라피룬’ 통과 시 기록되었으며 이때 최대풍속은 47.4m/s, 최대순간풍속은 58.3m/s였다."
여수시,"여수지방의 기후는 학자에 따라 여러 기후대로 분류되나, 1963년 우리나라 지리학자들과 기상학자들의 종합적인 검토를 거쳐 교과서 편찬자료로 정해진 기후구분에는 남해안기후대에 속한다. 여수지방은 연평균기온이 14.3℃이고, 연평균상대습도는 66%이나 동절기의 상대습도는 타지역보다 5∼6% 낮으며, 연평균풍속은 4.1m/s, 연강수량은 1,439.0mm이다. 1994년 7월 20일의 37.1℃가 지금까지의 극값이고, 일최고기온이 0℃이하로 하강하는 날은 4일정도이다. 일최저기온이 0℃이하로 하강하는 날은 연간 40일정도이며, 영하 10℃이하까지 하강하는 날도 하루정도 되고, 일최저기온극값은 1977년 2월 16일의 영하 12.6℃이다. 월강수량이 가장 많이 내린 달은 1963년 6월로 833.5mm이었고, 2010년 7월 16일에는 288.0mm가 내려 일강수량의 극값을 기록했으며, 1981년 9월 24일에는 1시간강수량이 77.4mm로 시간당강수량의 극값이다. 10분간강수량의 극값은 1969년 7월 31일의 30.8mm이고, 일적설최심은 1945년 2월 25일의 20.6cm였다. 최소습도가 20%미만인 날은 매년 6일정도이고 최소습도의 극값은 6%로 1994년 1월 4일을 비롯하여 4번 나타났다. 최대풍속의 극값은 2003년 9월 12일 태풍 매미가 통과할 때로 NE풍이 35.9m/s로 불었고, 최대순간풍속의 극값도 2003년 9월 12일의 E풍 49.2m/s였다."
완도군,"한반도 남서단인 전남서부 남해안에 위치하여 비교적 저위도 지방이며, 연평균 강수량 1532.7mm, 연강수일수 110일로 다우지역에 속하며 우기인 7월의 월평균 강우량은 285.3mm 인데 비하여 건기인 12월은 27.4mm로서 그 차는 258.3mm이며 12월의 강우량에 10.4배 이상에 달한다. 연평균기온은 14.1℃로써 높은편이고 월평균기온이 영하로 내려가는 일이 극히 드물다. 여름철 최고기온은 타지역보다 낮고 겨울철 최저기온은 높아 온화한 해양성기후이며, 바람은 연중 북∼북서풍이 많고 연평균풍속은 3.6㎧로 다소 강한 편이며 SE풍이 불때는 취주거리가 길어져 파고가 높은 편이다."
고흥군,"고흥지방은 내륙보다 해양의 영향을 많이 받아 기온의 일교차가 적으며, 겨울에도 눈오는 날보다 비가 오는 날이 많으며, 연평균기온은 13.6℃로 여수, 완도보다 다소 낮고, 연강수량은 1,453.4㎜로 완도나 여수보다 조금 많은 편이며, 연간 적설일수는 6∼7일에 불과 하다. 연평균습도는 69%이며, 연평균풍속은 1.5m/s로 바람이 약한 편이다. 일최고기온 극값은 1994년 7월 20일 38.5℃, 일최저기온 극값은 1985년 1월 30일 영하 14.4℃이며, 일강수량 극값은 1981년 9월 2일 487.1mm이다."
장흥군,"장흥지방은 전남서부 남해안에 위치하면서 북쪽으로 화순군의 고지대와 접하고 있어, 여름기온이 높게 나타나고 겨울철 기온이 주변보다 낮아, 기온의 연교차가 큰 분지형태의 기후특성을 보이고 있음. 바람은 연평균풍속이 1.8㎧로 인근지역(내륙)에 비해 비교적 강한편이고, 연평균 강수량은 1505.6㎜로 다우지역에 속하며, 연평균기온은 13.0℃로 온난하다."
해남군,"전반적으로 겨울철에는 대륙성기후의 특성을, 여름철에는 해양성기후의 특성을 보이며, 연평균강우량은 1360.2㎜로 남해안 다우지역에 속하며, 여름철에 약 50%이상이 집중적으로 내린다. 서해안에 인접한 화원, 문내, 산이, 황산면 등은 서쪽에서 접근하는 고·저기압의 영향을 주로 받으며, 남해안에 인접한 송지, 북평, 북일, 현산, 화산면 등은 남해안을 통과하는 고·저기압의 영향을 주로 받기 때문에 저기압의 이동경로에 따라 강수량의 편중현상을 보이며, 특히 겨울철에는 대륙고기압의 확장전면에서 호남서해안의 지형적인 영향에 의한 강설 현상이 해남서부지역에 동반되기도 한다. 연평균기온은 13.4℃이며, 연평균 풍속은 2.2㎧로 약한 편이지만, 바다를 접하고 있어 가끔 돌풍현상이 자주 나타난다."
광주,"광주지방 연평균 기온은 13.8℃이고, 1월 평균기온 0.6℃, 8월 평균기온 26.2℃로, 연강수량은 1,391.0mm이다. 무등산을 중심으로 동쪽은 우리나라 기후대의 남부내륙형, 서쪽은 남부 서해안형에 속하고 있어 점이지대로 볼 수 있으나, 남부서해안형에 가까운 특징을 보이고 있다. 겨울철에는 주로 서~북서풍에 의한 강설현상이 자주 나타나 평균 31일 정도의 강설일수를 보이고 있다."
순천시,"순천 시내는 해양성 기후의 특성을 보이고 있으며, 주암면, 황전면 등 시내의 북서쪽 지역은 대륙성 기후특성을 보인다. 주암댐 주변으로는 봄 가을철로 안개끼는 날이 많다. 연평균기온은 12.6℃이며, 일 최고기온은 39.4(1994.7.24)이며, 기온의 연교차가 크다. 연평균 강수량은 1,531.3mm로 주변의 장흥과 비슷하며, 특히 98년 9월에는 시간당 145mm의 집중호우가 발생하기도 하였다. 풍향은 겨울철에는 북서∼북동풍이, 여름에는 남동∼남서풍이 많이 불고 그 밖의 봄과 가을은 서풍계열의 바람이 많이 불며, 순간최대풍속은 23.0㎧(2008.1.16)이며, 연 평균풍속 1.2㎧로 비교적 바람이 약하게 분다."
군산시,"연평균강우량은 1202.0mm, 일 최다강수량은 310.0㎜(2000. 8. 26), 1시간 최다강수량은 81.0㎜(10. 7. 23), 연평균기온은 12.8℃, 일 최고기온 36.9℃('94, 7, 24), 일 최저기온 -14.7℃(04, 1, 22), 연평균풍속은 3.8㎧로 2월∼4월에 NW풍이 비교적 강하게 불며, 봄과 가을 맑은 날에 해륙풍에 의하여 내륙지역보다 기온이 낮게 형성된다. 특히 해안지역이라 안개가 자주 발생하는데 대부분 해무로 연간 평균 41일이나 되며, 겨울철 찬 대륙성 고기압 확장시에는 돌풍현상과 소낙성눈이 자주 내리고, 폭설로 이어지는 경우가 자주 발생하며, 특히 서해바다와 접해있어 해양성 기후특성을 보이고 있다."
부안군,"일반적인 기상특성을 보면 부안내륙쪽으로 대륙성기후특성이, 내변산지역은 산악기후특성이 나타나고 있으며, 외변산은 서해바다에 접해있어 해양성 기후특성을 보이고 있다. 강수량은 6∼9월에 연강수량(1250.4mm)의 66%(약 823mm)이상이 집중적으로 내리고 있으나, 겨울철 강수량은 110.4mm로 여름철에 비해 큰 차이를 보이고 있다. 연평균 풍속은 1.6m/s로 다른 해안지역보다는 낮지만, 부안서남단에 위치한 격포항부근은 앞바다해상 보다도 풍속이 높게 나타날 정도로 강한 바람이 부는 경우가 간혹 있다. 겨울철 강설현상은 북서쪽의 차가운 대륙성고기압 확장시 소낙성 눈이 내리는 경우가 자주 있고, 때에 따라서는 폭설로 이어지는 경우도 연 1∼2회 있으며, 전북서남단에 위치한 지역특성상 서해안 적설관측의 첨병 역할을 톡톡히 하고 있다."
전주시,"전주지방 주변의 기후는 서쪽은 남부서해안형에 속하고 동부의 산악지대는 내륙형에 속한다. 따라서 서쪽지역은 서해의 영향을 받아서 내륙지방에 비해 기온의 연교차가 적고 우량이 산악지대 보다 적은 것이 특징이다. 동쪽 내륙지방은 서해안지방에 비해서 기온의 한서의 차가 심하고, 동절기는 건조하며 여름철은 고온 다습하다. 따라서 전주지방의 기후의 특징도 남북의 차이보다 동서의 차가 크며 그 이유는 동고서저의 지형을 이루고 있기 때문으로 사료된다. 전주지방의 연평균 기온은 13.3℃로서 인근지역(군산,임실,남원)보다 높은편이며, 정읍지방과는 비슷하다. 연평균 강수량은 1313.1mm로서 인근지역(임실,남원,장수 등) 보다 적은 편이다. 바람은 비교적 약한 편으로 연중 정온 상태가 16.7%이며, 남-남동풍계열의 바람이 약 29%를 차지하며, 연평균 풍속은 1.6m/s이다."
정읍시,"연평균강수량은 1317.3mm으로 전주와 비슷하나 남원과 임실보다는 적은편이고, 여름강수량은 706.1mm이며, 겨울강수량은 123.1mm로 겨울철에는 타지역에 비해 다우 지역에 속한다. 강수일수는 113일정도이며, 적설일수는 32일이고, 눈일수는 26일로 타지역에 비해 많은 편이다. 연평균풍속은 1.1m/s 분포로 약한 편이고, 안개는 14일정도로 타지역에 비해 훨씬 적으며, 우박은 1번정도의 피해를 준다. 서리일수는 96일, 얼음일수는 110일정도, 황사는 5번정도이며, 뇌전은 9번정도로 타지역에 비해 적게 나타난다. 겨울에는 W-NW풍이 많은 편이고, 그외에 주 풍향은 SE풍이 많은편이다. 정읍시는 지형특성상 겨울철에는 서해안지방과 비슷한 기후특성을 보여 대설이 잦은편이고, 그 외 계절에는 내륙지방과 비슷한 기후특성을 보인다."
임실군,"임실군의 연평균기온은 11.2℃로 전주나 남원지방에 비해 낮고 연평균 강수량은 1351.9mm로 주변지역과 비슷하다. 바람은 연중 남풍을 중심으로 남동내지 북서풍이 많이 불고 풍속은 타지역과 비교하여 비교적 약하게 분다. 특히, 겨울철에는 호남지방에서 가장 추운 지역에 속하며, 지형이 겨울철 바람의 풍상측에 위치하게 된다. 이 때문에 경사면상에 강제상승이 일어나 주변지역에 비하여 눈이 자주 내리고 적설량도 조금 많다."
남원시,"남원시의 평년강수량은 1380.4mm이며 그중 여름철 강수량이 782.0mm로 연강수량의 56%를 차지하고 있다. 연평균기온은 12.3도이고 최난월인 8월 평균기온은 25.2도, 최한월인 1월의 평균기온은 -1.4도로 온대 하우기후의 특성을 보인다. 연평균풍속은 1.3m/s로 약한 편이며 주로 NW류의 바람이 다소 강하게 불지만, 봄철에는 SW류의 바람이 다소 강하게 불기도 한다. 남원시는 지리산의 서쪽에 인접한 내륙분지형의 지형인 관계로 서리가 늦게까지 오기도 하고, 첫서리가 일찍 내려 농작물에 많은 영향을 준다."
장수군,"장수지방은 우리나라 남한의 중앙부를 가로지르는 소백산맥 서쪽에 있으며 장수를 중심으로 남서쪽에 팔공산(1,150m), 남으로는 율두봉(1,140m), 동남동쪽에 장안산(1,230m), 북동쪽에 백화산(850m), 기태봉(1,014m), 북동쪽에 성수산(1,059m)등 크고 작은 산들이 서로 연결되어 있어 병풍을 두른듯한 분지형태의 지형이다. 또한 산맥과 산맥사이의 통로가 북쪽으로 열려있어 겨울철 한기유입이 용이하여 겨울철 고기압 유입시 한기가 갇혀 기온하강이 매우심하며, 일교차가 비교적 다른 지방에 비하여 크며, 여름철 기온이 30℃를 넘는 날이 드물다. 연평균기온은 10.5℃로 다른지역에 비해 낮으며, 연평균 강수량은 1,464.3mm로 다른지역에 비해 다소 많은 편이다. 주풍향은 북풍과 북북동풍이 20.2%로 주로 많이 불며, 연평균 풍속은 1.7m/s로 산곡풍이 탁월한 것이 특징이다. 최고기온 극값은 1994년 7월 24일에 34.7℃, 최저기온 극값은 1991년 2월 23일에 -25.8℃, 일 최다 강수량은 2002년 8월 31일에 182.5mm, 일최심 신적설은 2006년 2월 7일에 21cm였다."
부산,"봄(3∼5월) : 평년 평균기온 13.3℃, 강수량 370.8㎜, 평균풍속 3.9m/s이며, 남서풍이 불 때는 따뜻하나 북동풍이 불 때는 싸늘한 날씨를 보임. 
여름(6∼8월) : 평년 평균기온 23.6℃, 강수량 778.6㎜, 평균풍속 3.6m/s이며, 장마전선이나 발달한 저기압 통과 시 국지적인 집중호우가 자주 발생함. 장마가 끝나면 남동계절풍으로 습도가 높고 무더운 날씨가 지속되며, 맑은 날 오후에는 해풍의 영향을 많이 받음. 
가을(9∼11월) : 평년 평균기온 17.2℃, 강수량 262.2㎜, 평균풍속 3.4m/s이며, 태풍으로 인한 피해를 제외하고는 가을철 이동성 고기압의 영향을 주로 받으며 대체로 맑은 날이 많음. 가을이 되면서 일교차가 커짐. 
겨울(12~2월) : 평년 평균기온 4.7℃, 강수량 106.9㎜, 평균풍속 3.7m/s이며, 찬 대륙고기압 확장 시 바람이 강하게 불고, 남해상을 지나는 기압골과 동풍의 영향으로 비나 눈이 내림."
울산,"연평균기온은 14.1℃, 최고기온은 19.2℃, 최저기온은 9.8℃, 연평균강수량은 1,277.1㎜. 
봄(3∼5월) : 평년 평균기온 13.1℃, 강수량 265.0㎜, 평균풍속 2.3m/s이며, 북동기류에 의한 북동풍이 탁월하고, 울산서쪽 산간지역으로 일교차가 크게 발생함 
여름(6∼8월) : 평년 평균기온 24.1℃, 강수량 649.4㎜, 평균풍속 2.0m/s이며, 여름철 국지적인 집중호우가 자주 발생하고, 공단지역으로는 여름철 연무로 인해 시정이 좋지 않음. 
가을(9∼11월) : 평년 평균기온 15.9℃, 강수량 262.8㎜, 평균풍속 1.9m/s이며, 태풍으로 인한 피해를 제외하고는 가을철 이동성 고기압의 영향을 받으며 대체로 맑은 날이 많음. 
겨울(12~2월) : 평년 평균기온 3.4℃, 강수량 99.9㎜, 평균풍속 2.3m/s 이며, 북서풍이 탁월함. 눈이 적게 오는 지역이지만 2월에 북동기류로 인해 눈이 다소 내림."
창원시,"연평균기온이 14.9도로 온화한 편이고, 연평균강수량은 1,545.4㎜로 다우지역에 속하며 주로 여름철에 집중됨.

봄(3∼5월) : 평년 평균기온 13.7℃, 강수량 346.4㎜, 평균풍속 2.3m/s이며, 해안지방이지만 바람이 약한 편이고, 낮에는 해풍이 자주 나타남.

여름(6∼8월) : 평년 평균기온 24.5℃, 강수량 825.1㎜, 평균풍속 2.3m/s이며, 장마기와 태풍 내습 시 호우가 발생하고 장마가 끝나면 남동계절풍으로 습도가 높고 무더운 날씨가 지속됨.

가을(9∼11월) : 평년 평균기온 17.1℃, 강수량 269.7㎜, 평균풍속 2.0m/s이며, 초가을 태풍영향 시기를 제외하고는 맑은 날이 많고 안개일수가 적음.

겨울(12~2월) : 평년 평균기온 4.4℃, 강수량 106.6㎜, 평균풍속 2.2m/s이며, 북서계절풍이 낙남정맥을 넘어 국지적으로 푄현상이 있으며, 맑고 건조한 날씨가 많음. 강설일수가 적으나, 저기압이 남해상을 통과하는 경우 적설량이 많음."
진주시,"진주지방은 소백산맥이 북서쪽으로 뻗어내려 있으며, 경남의 동맥인 남강이 저곡부를 따라 동쪽으로 흐르고 있음. 북서쪽으로 약 40km 거리에 소백산맥 최고봉인 지리산(천왕봉 해발 1,915m)이 있고, 동·서·남쪽으로는 해발 200m 내외의 완만한 야산으로 둘러싸여 있는 내륙 분지형임.

연평균기온은 11.7℃, 연평균강수량은 1,316.8㎜.

봄(3∼5월) : 평년 평균기온 12.4℃, 강수량 313.2㎜, 평균풍속 2.1m/s이며, 복사냉각 효과로 아침 최저기온 하강이 두드러짐.

여름(6∼8월) : 평년 평균기온 24.1℃, 강수량 830.0㎜, 평균풍속 1.9m/s이며, 일사에 의한 최고기온 상승효과가 높은 편임.

가을(9∼11월) : 평년 평균기온 14.4℃, 강수량 274.5㎜, 평균풍속 1.4m/s이며, 진양호와 남강의 수증기원이 있어 안개가 자주 발생함.

겨울(12~2월) : 평년 평균기온 1.3℃, 강수량 94.9㎜, 평균풍속 1.9m/s이며, 맑고 건조한 날씨가 많음."
거창군,"연평균기온은 11.7℃, 연평균강수량은 1,316.8mm.

봄(3∼5월) : 평년 평균기온 11.3℃, 강수량 225.4㎜, 평균풍속 1.5m/s이며, 서리나 얼음현상이 늦게까지 발생하고 일교차가 큼.

여름(6∼8월) : 평년 평균기온 23.0℃, 강수량 760.4㎜, 평균풍속 1.0m/s이며, 국지적인 집중호우가 자주 발생함.

가을(9∼11월) : 평년 평균기온 12.6℃, 강수량 246.2㎜, 평균풍속 1.0m/s이며, 내륙 산간 분지에 위치하여 서리나 얼음 현상이 빨리 나타나고 안개가 자주 발생함.

겨울(12~2월) : 평년 평균기온 -0.3℃, 강수량 84.6㎜, 평균풍속 1.3m/s 이며, 경남지방 중에서 눈이 많이 내리며 기온이 낮음."
통영시,"연평균기온은 14.7℃, 연평균강수량은 1,450.8㎜.
봄(3∼5월) : 평년 평균기온 13.2℃, 강수량 391.5㎜, 평균풍속 2.7m/s이며, 안개로 인한 시정장애 현상이 많음.

여름(6∼8월) : 평년 평균기온 23.8℃, 강수량 736.9㎜, 평균풍속 2.5m/s이며, 국지적인 집중호우가 자주 발생함.

가을(9∼11월) : 평년 평균기온 17.1℃, 강수량 230.7㎜, 평균풍속 2.4m/s이며, 이동성 고기압의 영향으로 맑은 날이 많으며 주로 11월 초에 첫서리가 나타남.

겨울(12~2월) : 평년 평균기온 4.5℃, 강수량 91.7㎜, 평균풍속 2.7m/s 이며, 다른 지역에 비해 따뜻함."
대구,"연평균 기온은 14.1℃로 인근의 구미보다 높고, 포항과 비슷하며, 해를 거듭할수록 기온이 높아지는 경향임. 연평균 강수량은 1,064.4㎜임. 바람은 연중 서~북서풍 계열이 많이 불고, 연평균 풍속은 2.7m/s임.

봄(3~5월) : 평년 평균기온 13.7℃, 강수량은 190.0㎜, 평균풍속 2.9m/s

여름(6~8월) : 평년 평균기온 25.0℃, 강수량은 602.5㎜, 평균풍속 2.7m/s. 분지의 특성상 열대야, 폭염이 빈번하게 발생함.

가을(9~11월) : 평년 평균기온 15.5℃, 강수량은 207.8㎜, 평균풍속 2.3m/s

겨울(12~2월) : 평년 평균기온 2.2℃, 강수량은 63.7㎜, 평균풍속 2.8m/s"
구미시," 구미지방은 경북남부내륙지역에 속해 있으며, 기온의 한서 차가 심함.

연평균기온은 12.5℃, 연평균강수량은 1,072.5㎜임. 바람은 연중 북서풍을 중심으로 북서∼남동풍이 많이 불고, 겨울철에는 북서계절풍이 뚜렷한 경향임. 가을철, 겨울철에는 안개가 자주 발생함.

봄(3∼5월) : 평년 평균기온 12.4℃, 강수량 188.6㎜, 평균풍속 1.9m/s임.

여름(6∼8월) : 평년 평균기온 24.0℃, 강수량 605.2㎜, 평균풍속 1.2m/s임.

가을(9∼11월) : 평년 평균기온 13.5℃, 강수량 213.6㎜, 평균풍속 1.3m/s임.

겨울(12~2월) : 평년 평균기온 0.3℃, 강수량 65.0㎜, 평균풍속 2.1m/s임."
포항시,"봄(3~5월) : 평년 평균기온 13.3℃, 강수량 215.0㎜, 평균풍속 2.9m/s이며, 북동풍이 자주 불고, 이때 동해상의 다습한 기류가 유입되면서 태백산맥의 영향에 의해 지형성 강수현상이 자주 나타남. 4월 초순까지 서리가 내릴 때도 있음.

여름(6∼8월) : 평년 평균기온 24.0℃, 강수량 572.2㎜, 평균풍속 2.6m/s이며, 남서풍이 주풍으로 나타나고, 태풍이 대한해협을 통과하여 동해상으로 진출할 때 호우현상이 자주 발생함.

가을(9∼11월) : 평년 평균기온 16.2℃, 강수량 261.9㎜, 평균풍속 2.6m/s이며, 이동성 고기압의 영향으로 맑은 날이 많고, 10월 중순에 서리가 내리는 경우도 있음.

겨울(12~2월) : 평년 평균기온 3.4℃, 강수량 103.3㎜, 평균풍속 2.8m/s이며, 북서계절풍이 탁월하고, 맑고 건조한 날이 많으며, 강한 대륙성 고기압 확장 시 산간지방에 눈발이 날릴 때도 있음."
안동시,"연 평균기온은 11.9℃(1983~2010년)로 인근의 봉화, 의성, 영주, 문경지방보다 다소 높고, 구미, 영덕, 울진지방보다 다소 낮은 편임. 연강수량은 1,066.4㎜(1983~2010년)로 의성지방보다는 조금 많고, 영주, 문경, 봉화지방보다 적으며, 우리나라 대표적인 과우(寡雨)지역임. 바람은 연중 서북서풍이 주풍향이고, 그 다음은 동남동풍이 많이 불고 있음.

봄(3~5월) : 평년 평균기온 11.6℃, 강수량 204.6㎜, 평균풍속 2.0m/s이며, 이동성 고기압의 영향을 받아 일교차가 매우 큼.

여름(6~8월) : 평년 평균기온 23.5℃, 강수량 598.9㎜, 평균풍속 1.5m/s이며, 장마 이후 대기불안정으로 천둥번개를 동반한 소나기가 자주내리고, 산간지역을 중심으로 우박이 내려 농작물 피해가 종종 발생함.

가을(9~11월) : 평년 평균기온 13.0℃, 강수량 199.4㎜, 평균풍속 1.4m/s이며, 일교차가 크고 아침에 복사안개가 자주 발생함.

겨울(12~2월) : 평년 평균기온 -0.7℃, 강수량 63.6mm, 평균풍속 1.9m/s이며, 찬 대륙고기압의 주기적인 영향으로 한파가 나타나고, 북쪽으로 기압골이 지날 때 강설현상이 종종 발생함."
상주시,"연평균기온은 12.5℃(2002~2011년), 연평균강수량은 1,207㎜(2002~2011년). 바람은 연중 서풍 계열이 많이 불고 있으며, 연평균 풍속은 1.8m/s(2002~2011년)임.

봄(3∼5월) : 평년 평균기온 12.3℃, 강수량 233.7㎜, 평균풍속 2.2m/s이며, 서리나 얼음현상이 4월 하순까지 발생하고 일교차가 큼.

여름(6∼8월) : 평년 평균기온 23.8℃, 강수량 715.1㎜, 평균풍속 1.2m/s이며, 국지적인 집중호우가 자주 발생함.

가을(9∼11월) : 평년 평균기온 13.6℃, 강수량 184.6㎜, 평균풍속 1.3m/s이며, 내륙 산간 분지에 위치하여 일교차가 크며, 10월 하순에 서리나 얼음 현상이 나타남.

겨울(12~2월) : 평년 평균기온 0.2℃, 강수량 73.4㎜, 평균풍속 2.4m/s 이며, 대륙고기압 확장 시에 눈이 자주 내리며, 기온이 낮음."
울진군,"연평균기온은 12.6℃, 연평균강수량은 1,119.0㎜, 평균풍속 3.8m/s임.

봄(3~5월) : 평년 평균기온 11.8℃, 강수량 189.0㎜, 평균풍속 4.3m/s이며, 이동성 고기압의 영향으로 서풍 계열의 바람이 탁월하고, 푄현상으로 인해 따뜻하나 북동풍이 불 때 싸늘함.

여름(6~8월) : 평년 평균기온 21.9℃, 강수량 501.4㎜, 평균풍속 4.0m/s이며, 오호츠크해 고기압의 영향으로 한랭다습한 동풍계열의 바람이 유입되어 선선함.

가을(9~11월) : 평년 평균기온 14.7℃, 강수량 307.1㎜, 평균풍속 3.2m/s이며, 북동기류의 영향으로 강수현상이 빈번하게 발생함. 대륙고기압이 점차 확장하면서 건조기류가 유입되어 지속됨.

겨울(12~2월) : 평년 평균기온 4.6℃, 강수량 121.4㎜, 평균풍속 3.7m/s이며, 내륙지방에 비해 온난한 편임. 국지적인 강풍현상이 자주 나타나고, 북동기류의 영향으로 대설현상이 종종 발생함."
울릉도,"울릉도(북위 37˚29´, 동경 130˚54´)는 우리나라 동해상에서 가장 큰 유인도로 해저 약 2000m에서 솟은 용암이 굳어져 형성된 화산섬이며, 총 44개 섬으로 이루어져 있음. 또한, 울릉도는 오각형, 크게 보면 삼각형 형태의 섬으로 성인봉(984m)을 중심으로 해안선 근처까지 200~400m의 험준한 산악으로 형성되어 있음. 울릉도연안바다의 해저지형은 해상에 드러난 섬 지형과 마찬가지로 매우 경사가 급하여 해안선에서 10km가량 떨어지면 1,000m가 넘는 심해임.

? 연 평균기온은 12.4℃, 연평균 강수량은 1383.4㎜이며, 연 평균풍속은 3.7m/s임.

? 봄(3~5월) : 평년 평균기온 10.7℃, 258.6㎜, 4.2m/s임.

? 여름(6~8월) : 평년 평균기온 21.5℃, 453.3㎜, 3.4m/s임.

? 가을(9~11월) : 평년 평균기온 14.9℃, 360.1㎜, 3.5m/s임.

? 겨울(12~1월) : 평년 평균기온 2.7℃, 307.2㎜, 3.7m/s임."
제주도,"제주도는 한반도의 최남단에 위치하며 수리적으로 북위 33°10′∼ 33°34′, 동경 126°10′∼127°에 해당된다. 지리적으로는 목포에서 약 145㎞(91마일), 부산에서 약 268㎞(168마일) 떨어진 섬으로 일반적인 기후분류상 아열대기후대에서 온대기후대로의 전이지대에 위치하고 있다. 태양고도가 연중 높아 태양의 순복사량이 에너지 수지상 과잉이 시작되는 위도대이며 여름에는 태양의 북상으로 열대기단의 영향권에 들기도 한다.

주위의 해륙분포를 보면 지구에서 가장 넓은 태평양의 가장자리인 북서태평양속에 있으면서 아시아 대륙에서 멀리 떨어져 있어 다습한 해양의 영향을 받고 있다. 일년 내내 남서쪽에서 흘러드는 따뜻한 적도해류의 지류인 쿠로시아 난류의 영향을 받고 있으며 겨울에 북쪽에서 흘러오는 북한해류나 황해의 찬 연안류같은 한류의 영향을 직접 받지는 않는다고 볼 수 있다. 제주도 주변 및 남해 표층수온은 1970년대 18~19℃ 사이지만, 최근 10년(1999~2008년) 19.5℃에 가까운 값을 보이고 있다. 한반도 주변해역 전체로써는 최근 41년간 약 1.31℃ 상승하는 추세이며, 남해에서 1.29℃의 상승폭을 보이고 있다.(자료 : 2009, 국립수산과학원)"
